monotonic_s,num_used_tokens_sum,max_total_num_tokens_sum,token_usage_mean,token_usage_aggregate,num_servers_sampled
206.4,8472.0,209265.0,0.005060569134829045,0.04048455307863236,8
206.5,67794.0,1580642.0,0.04291066433111715,0.04289016741298789,8
206.6,67794.0,1580642.0,0.04291066433111715,0.04289016741298789,8
206.7,67794.0,1580642.0,0.04291066433111715,0.04289016741298789,8
206.8,67794.0,1580642.0,0.04291066433111715,0.04289016741298789,8
206.9,69522.0,1580642.0,0.04394284840394347,0.04398339408923716,8
207.0,81528.0,1580642.0,0.05160321459063028,0.05157904193359407,8
207.1,81528.0,1580642.0,0.05160321459063028,0.05157904193359407,8
207.2,81528.0,1580642.0,0.05160321459063028,0.05157904193359407,8
207.3,81528.0,1580642.0,0.05160321459063028,0.05157904193359407,8
207.4,89053.0,1580642.0,0.056098113403140734,0.05633976574075597,8
207.5,134270.0,1580642.0,0.08494858632196611,0.08494649642360509,8
207.6,141705.0,1580642.0,0.08969244960682507,0.089650281341379,8
207.7,141705.0,1580642.0,0.08969244960682507,0.089650281341379,8
207.8,141705.0,1580642.0,0.08969244960682507,0.089650281341379,8
207.9,141705.0,1580642.0,0.08969244960682507,0.089650281341379,8
208.0,182371.0,1580642.0,0.115308077352679,0.1153778021841758,8
208.1,206779.0,1580642.0,0.13088147547733767,0.13081962898619676,8
208.2,206779.0,1580642.0,0.13088147547733767,0.13081962898619676,8
208.3,206779.0,1580642.0,0.13088147547733767,0.13081962898619676,8
208.4,206779.0,1580642.0,0.13088147547733767,0.13081962898619676,8
208.5,213929.0,1580642.0,0.13532448288297272,0.13534310742090871,8
208.6,219748.0,1580642.0,0.13903726572824426,0.13902452294700507,8
208.7,218583.0,1580642.0,0.1382939435053982,0.13828748065659396,8
208.8,216564.0,1580642.0,0.13704025823711366,0.13701015157132354,8
208.9,216564.0,1580642.0,0.13704025823711366,0.13701015157132354,8
209.0,216564.0,1580642.0,0.13704025823711366,0.13701015157132354,8
209.1,216564.0,1580642.0,0.13704025823711366,0.13701015157132354,8
209.2,216564.0,1580642.0,0.13704025823711366,0.13701015157132354,8
209.3,216564.0,1580642.0,0.13704025823711366,0.13701015157132354,8
209.4,216564.0,1580642.0,0.13704025823711366,0.13701015157132354,8
209.5,216564.0,1580642.0,0.13704025823711366,0.13701015157132354,8
209.6,216564.0,1580642.0,0.13704025823711366,0.13701015157132354,8
209.7,216564.0,1580642.0,0.13704025823711366,0.13701015157132354,8
209.8,216564.0,1580642.0,0.13704025823711366,0.13701015157132354,8
209.9,216564.0,1580642.0,0.13704025823711366,0.13701015157132354,8
210.0,216564.0,1580642.0,0.13704025823711366,0.13701015157132354,8
210.1,216564.0,1580642.0,0.13704025823711366,0.13701015157132354,8
210.2,216564.0,1580642.0,0.13704025823711366,0.13701015157132354,8
210.3,216564.0,1580642.0,0.13704025823711366,0.13701015157132354,8
210.4,216564.0,1580642.0,0.13704025823711366,0.13701015157132354,8
210.5,216564.0,1580642.0,0.13704025823711366,0.13701015157132354,8
210.6,216564.0,1580642.0,0.13704025823711366,0.13701015157132354,8
210.7,216564.0,1580642.0,0.13704025823711366,0.13701015157132354,8
210.8,216564.0,1580642.0,0.13704025823711366,0.13701015157132354,8
210.9,290084.0,1580642.0,0.18394931387972688,0.18352289765804022,8
211.0,364404.0,1580642.0,0.23058217070577425,0.23054176720598338,8
211.1,364404.0,1580642.0,0.23058217070577425,0.23054176720598338,8
211.2,364404.0,1580642.0,0.23058217070577425,0.23054176720598338,8
211.3,364404.0,1580642.0,0.23058217070577425,0.23054176720598338,8
211.4,364404.0,1580642.0,0.23058217070577425,0.23054176720598338,8
211.5,364404.0,1580642.0,0.23058217070577425,0.23054176720598338,8
211.6,375588.0,1580642.0,0.23771806404509668,0.23761737319393006,8
211.7,394791.0,1580642.0,0.249781556949904,0.249766234226346,8
211.8,393172.0,1580642.0,0.2487485623758372,0.24874196687168884,8
211.9,389333.0,1580642.0,0.2463011440910222,0.2463132069121281,8
212.0,385467.0,1580642.0,0.24385783382214174,0.24386736528575098,8
212.1,382861.0,1580642.0,0.2421950890043418,0.2422186681108056,8
212.2,379683.0,1580642.0,0.24022471078732216,0.24020809266108328,8
212.3,375870.0,1580642.0,0.23779180514788348,0.23779578171401242,8
212.4,374368.0,1580642.0,0.23683346181851453,0.23684553491555962,8
212.5,369596.0,1580642.0,0.23381615454490853,0.23382650846934347,8
212.6,366414.0,1580642.0,0.23179114828145875,0.23181340240231502,8
212.7,363029.0,1580642.0,0.229631366543833,0.22967186750700033,8
212.8,354614.0,1580642.0,0.22429524007041624,0.22434808134922393,8
212.9,351236.0,1580642.0,0.22216630866682327,0.22221097503419496,8
213.0,348546.0,1580642.0,0.2204499680835992,0.2205091348958208,8
213.1,348390.0,1580642.0,0.2204027532542767,0.22041044082088165,8
213.2,351118.0,1580642.0,0.22214333954090687,0.22213632182366405,8
213.3,349520.0,1580642.0,0.22108253923459978,0.2211253402098641,8
213.4,338879.0,1580642.0,0.21430739558035522,0.21439326552122492,8
213.5,335366.0,1580642.0,0.21213092696962385,0.21217075087211398,8
213.6,332798.0,1580642.0,0.21049242785523012,0.21054609456157689,8
213.7,333710.0,1580642.0,0.21110767120701238,0.2111230753073751,8
213.8,334089.0,1580642.0,0.2113494901962473,0.21136285129713117,8
213.9,334659.0,1580642.0,0.2116993729960062,0.21172346426325506,8
214.0,333899.0,1580642.0,0.21119646242024553,0.21124264697508988,8
214.1,334467.0,1580642.0,0.21155887188168462,0.21160199463256069,8
214.2,332106.0,1580642.0,0.2100720324811541,0.21010829776761594,8
214.3,332075.0,1580642.0,0.21004443560405262,0.2100886854834934,8
214.4,329857.0,1580642.0,0.2086292521789259,0.2086854581872429,8
214.5,326931.0,1580642.0,0.2067757693232607,0.20683431162780694,8
214.6,326983.0,1580642.0,0.20681363000350983,0.20686720965278665,8
214.7,326756.0,1580642.0,0.2066930606119542,0.20672359712066363,8
214.8,325856.0,1580642.0,0.20611882026812461,0.2061542082267838,8
214.9,325327.0,1580642.0,0.20578031736898303,0.20581953408804776,8
215.0,325287.0,1580642.0,0.20576737684483823,0.20579422791498644,8
215.1,325153.0,1580642.0,0.205718645458898,0.205709452235231,8
215.2,324960.0,1580642.0,0.20559550280738792,0.2055873499502101,8
215.3,326686.0,1580642.0,0.20666407316514288,0.2066793113178063,8
215.4,330418.0,1580642.0,0.20905791915863184,0.209040377264428,8
215.5,334570.0,1580642.0,0.21169967095149128,0.2116671580281936,8
215.6,336103.0,1580642.0,0.21268943846954083,0.2126370171107689,8
215.7,339349.0,1580642.0,0.21476053197628625,0.2146906130546955,8
215.8,342795.0,1580642.0,0.21692637657125968,0.2168707398639287,8
215.9,344081.0,1580642.0,0.21771404434104213,0.21768433332785034,8
216.0,343789.0,1580642.0,0.21750990160839534,0.21749959826450266,8
216.1,345217.0,1580642.0,0.21839419772347063,0.21840302864279199,8
216.2,345860.0,1580642.0,0.21878393964225865,0.2188098253747528,8
216.3,348862.0,1580642.0,0.22069621507313517,0.22070905366300528,8
216.4,350340.0,1580642.0,0.22163028778893035,0.22164411675762127,8
216.5,353027.0,1580642.0,0.223358964865895,0.22334405893301582,8
216.6,354742.0,1580642.0,0.22442768276074937,0.22442906110302016,8
216.7,356660.0,1580642.0,0.22566309753699273,0.22564249210131074,8
216.8,359577.0,1580642.0,0.22748803698406747,0.22748794477180792,8
216.9,362565.0,1580642.0,0.22938221866923186,0.22937831589948895,8
217.0,365573.0,1580642.0,0.23129083061023156,0.23128134011370063,8
217.1,368333.0,1580642.0,0.23304922850214874,0.2330274660549321,8
217.2,370560.0,1580642.0,0.23445675874018687,0.23443638724012142,8
217.3,373617.0,1580642.0,0.23639341830731428,0.23637041151633323,8
217.4,377763.0,1580642.0,0.23902661876586193,0.23899339635413966,8
217.5,383693.0,1580642.0,0.24281022458687251,0.24274503651048118,8
217.6,386867.0,1580642.0,0.24480211382823786,0.2447530813428974,8
217.7,389880.0,1580642.0,0.24672454289041404,0.24665926882874173,8
217.8,392791.0,1580642.0,0.24854463616651423,0.2485009255732797,8
217.9,395328.0,1580642.0,0.2501633558912872,0.2501059695996943,8
218.0,400284.0,1580642.0,0.2533255060513088,0.25324140444199256,8
218.1,399381.0,1580642.0,0.2527493515729998,0.25267011758513314,8
218.2,403032.0,1580642.0,0.2550788532344686,0.2549799385313056,8
218.3,403096.0,1580642.0,0.2551196881033631,0.25502042840820377,8
218.4,402301.0,1580642.0,0.2546124424663136,0.25451746821860993,8
218.5,399624.0,1580642.0,0.2529043964658338,0.25282385258648066,8
218.6,397085.0,1580642.0,0.2512844006514079,0.25121754325141304,8
218.7,396204.0,1580642.0,0.25072228315928136,0.25066017478973734,8
218.8,395501.0,1580642.0,0.2502737376462678,0.25021541879818454,8
218.9,395501.0,1580642.0,0.2502737376462678,0.25021541879818454,8
219.0,395501.0,1580642.0,0.2502737376462678,0.25021541879818454,8
219.1,378861.0,1580642.0,0.23965667173368502,0.23968805080467304,8
219.2,370056.0,1580642.0,0.23403868703655215,0.23411752945954872,8
219.3,351276.0,1580642.0,0.22205620519530792,0.2222362812072563,8
219.4,319613.0,1580642.0,0.2023747541062013,0.20220454726623738,8
219.5,319613.0,1580642.0,0.2023747541062013,0.20220454726623738,8
219.6,319613.0,1580642.0,0.2023747541062013,0.20220454726623738,8
219.7,319613.0,1580642.0,0.2023747541062013,0.20220454726623738,8
219.8,319613.0,1580642.0,0.2023747541062013,0.20220454726623738,8
219.9,319613.0,1580642.0,0.2023747541062013,0.20220454726623738,8
220.0,319613.0,1580642.0,0.2023747541062013,0.20220454726623738,8
220.1,319613.0,1580642.0,0.2023747541062013,0.20220454726623738,8
220.2,319613.0,1580642.0,0.2023747541062013,0.20220454726623738,8
220.3,319613.0,1580642.0,0.2023747541062013,0.20220454726623738,8
220.4,319613.0,1580642.0,0.2023747541062013,0.20220454726623738,8
220.5,226619.0,1580642.0,0.14434283949992144,0.1433714908246143,8
220.6,167144.0,1580642.0,0.10639512344518229,0.10574437475405563,8
220.7,77187.0,1580642.0,0.04899852498976121,0.048832689502113696,8
220.8,77187.0,1580642.0,0.04899852498976121,0.048832689502113696,8
220.9,77187.0,1580642.0,0.04899852498976121,0.048832689502113696,8
221.0,72085.0,1580642.0,0.04595095372844183,0.045604887128141605,8
221.1,46049.0,1580642.0,0.029338818626278095,0.029133099082524695,8
221.2,37320.0,1580642.0,0.023769325335957492,0.02361065946621689,8
221.3,12726.0,1580642.0,0.008077250873574058,0.008051158959460776,8
221.4,12726.0,1580642.0,0.008077250873574058,0.008051158959460776,8
221.5,12726.0,1580642.0,0.008077250873574058,0.008051158959460776,8
221.6,8659.0,1580642.0,0.005482322564290763,0.005478153813450484,8
221.7,8659.0,1580642.0,0.005482322564290763,0.005478153813450484,8
221.8,7766.0,1580642.0,0.004912548534246508,0.004913193499856388,8
221.9,5234.0,1580642.0,0.00329701903360591,0.00331131274507447,8
222.0,5234.0,1580642.0,0.00329701903360591,0.00331131274507447,8
222.1,5434.0,1580642.0,0.0034246279989013765,0.0034378436103810984,8
222.2,5514.0,1580642.0,0.003475671585019563,0.0034884559565037496,8
222.3,5554.0,1580642.0,0.0035011933780786557,0.0035137621295650754,8
222.4,5594.0,1580642.0,0.0035267151711377495,0.003539068302626401,8
222.5,5754.0,1580642.0,0.0036288023433741212,0.003640292994871704,8
222.6,5794.0,1580642.0,0.003654324136433214,0.0036655991679330297,8
222.7,5874.0,1580642.0,0.003705367722551401,0.0037162115140556813,8
222.8,5954.0,1580642.0,0.0037564113086695876,0.0037668238601783325,8
222.9,6034.0,1580642.0,0.0038074548947877734,0.003817436206300984,8
223.0,6154.0,1580642.0,0.003884020273965054,0.003893354725484961,8
223.1,6234.0,1580642.0,0.00393506386008324,0.003943967071607613,8
223.2,6274.0,1580642.0,0.003960585653142333,0.0039692732446689385,8
223.3,6314.0,1580642.0,0.003986107446201426,0.003994579417730264,8
223.4,6474.0,1580642.0,0.004088194618437798,0.004095804109975567,8
223.5,6514.0,1580642.0,0.004113716411496891,0.004121110283036892,8
223.6,6594.0,1580642.0,0.004164759997615078,0.004171722629159544,8
223.7,6674.0,1580642.0,0.004215803583733264,0.004222334975282196,8
223.8,6674.0,1580642.0,0.004215803583733264,0.004222334975282196,8
223.9,6794.0,1580642.0,0.004292368962910544,0.004298253494466173,8
224.0,6385.0,1580642.0,0.004031408628881316,0.004039497874914117,8
224.1,6425.0,1580642.0,0.00405693042194041,0.004064804047975443,8
224.2,6056.0,1580642.0,0.0038214918809702752,0.003831354601484713,8
224.3,6176.0,1580642.0,0.0038980572601475545,0.0039072731206686905,8
224.4,6176.0,1580642.0,0.0038980572601475545,0.0039072731206686905,8
224.5,6216.0,1580642.0,0.003923579053206647,0.003932579293730016,8
224.6,6296.0,1580642.0,0.003974622639324833,0.003983191639852668,8
224.7,6336.0,1580642.0,0.004000144432383927,0.004008497812913993,8
224.8,6336.0,1580642.0,0.004000144432383927,0.004008497812913993,8
224.9,6336.0,1580642.0,0.004000144432383927,0.004008497812913993,8
225.0,6336.0,1580642.0,0.004000144432383927,0.004008497812913993,8
225.1,6336.0,1580642.0,0.004000144432383927,0.004008497812913993,8
225.2,6336.0,1580642.0,0.004000144432383927,0.004008497812913993,8
225.3,6336.0,1580642.0,0.004000144432383927,0.004008497812913993,8
225.4,6336.0,1580642.0,0.004000144432383927,0.004008497812913993,8
225.5,6336.0,1580642.0,0.004000144432383927,0.004008497812913993,8
225.6,6336.0,1580642.0,0.004000144432383927,0.004008497812913993,8
225.7,6336.0,1580642.0,0.004000144432383927,0.004008497812913993,8
225.8,6336.0,1580642.0,0.004000144432383927,0.004008497812913993,8
225.9,6336.0,1580642.0,0.004000144432383927,0.004008497812913993,8
226.0,6336.0,1580642.0,0.004000144432383927,0.004008497812913993,8
226.1,6336.0,1580642.0,0.004000144432383927,0.004008497812913993,8
226.2,6336.0,1580642.0,0.004000144432383927,0.004008497812913993,8
226.3,6336.0,1580642.0,0.004000144432383927,0.004008497812913993,8
226.4,6336.0,1580642.0,0.004000144432383927,0.004008497812913993,8
226.5,6336.0,1580642.0,0.004000144432383927,0.004008497812913993,8
226.6,6336.0,1580642.0,0.004000144432383927,0.004008497812913993,8
226.7,6336.0,1580642.0,0.004000144432383927,0.004008497812913993,8
226.8,6336.0,1580642.0,0.004000144432383927,0.004008497812913993,8
226.9,6336.0,1580642.0,0.004000144432383927,0.004008497812913993,8
227.0,6336.0,1580642.0,0.004000144432383927,0.004008497812913993,8
227.1,6336.0,1580642.0,0.004000144432383927,0.004008497812913993,8
227.2,6336.0,1580642.0,0.004000144432383927,0.004008497812913993,8
227.3,6336.0,1580642.0,0.004000144432383927,0.004008497812913993,8
227.4,6336.0,1580642.0,0.004000144432383927,0.004008497812913993,8
227.5,6336.0,1580642.0,0.004000144432383927,0.004008497812913993,8
227.6,6336.0,1580642.0,0.004000144432383927,0.004008497812913993,8
227.7,6336.0,1580642.0,0.004000144432383927,0.004008497812913993,8
227.8,6336.0,1580642.0,0.004000144432383927,0.004008497812913993,8
227.9,6336.0,1580642.0,0.004000144432383927,0.004008497812913993,8
228.0,6336.0,1580642.0,0.004000144432383927,0.004008497812913993,8
228.1,6336.0,1580642.0,0.004000144432383927,0.004008497812913993,8
228.2,6336.0,1580642.0,0.004000144432383927,0.004008497812913993,8
228.3,6336.0,1580642.0,0.004000144432383927,0.004008497812913993,8
228.4,6336.0,1580642.0,0.004000144432383927,0.004008497812913993,8
228.5,6336.0,1580642.0,0.004000144432383927,0.004008497812913993,8
228.6,6336.0,1580642.0,0.004000144432383927,0.004008497812913993,8
228.7,6336.0,1580642.0,0.004000144432383927,0.004008497812913993,8
228.8,6336.0,1580642.0,0.004000144432383927,0.004008497812913993,8
228.9,6336.0,1580642.0,0.004000144432383927,0.004008497812913993,8
229.0,6336.0,1580642.0,0.004000144432383927,0.004008497812913993,8
229.1,6336.0,1580642.0,0.004000144432383927,0.004008497812913993,8
229.2,6336.0,1580642.0,0.004000144432383927,0.004008497812913993,8
229.3,6336.0,1580642.0,0.004000144432383927,0.004008497812913993,8
229.4,6336.0,1580642.0,0.004000144432383927,0.004008497812913993,8
229.5,6336.0,1580642.0,0.004000144432383927,0.004008497812913993,8
229.6,6336.0,1580642.0,0.004000144432383927,0.004008497812913993,8
229.7,6336.0,1580642.0,0.004000144432383927,0.004008497812913993,8
229.8,6336.0,1580642.0,0.004000144432383927,0.004008497812913993,8
229.9,6336.0,1580642.0,0.004000144432383927,0.004008497812913993,8
230.0,6336.0,1580642.0,0.004000144432383927,0.004008497812913993,8
230.1,6336.0,1580642.0,0.004000144432383927,0.004008497812913993,8
230.2,6336.0,1580642.0,0.004000144432383927,0.004008497812913993,8
230.3,6336.0,1580642.0,0.004000144432383927,0.004008497812913993,8
230.4,6336.0,1580642.0,0.004000144432383927,0.004008497812913993,8
230.5,6336.0,1580642.0,0.004000144432383927,0.004008497812913993,8
230.6,6336.0,1580642.0,0.004000144432383927,0.004008497812913993,8
230.7,6336.0,1580642.0,0.004000144432383927,0.004008497812913993,8
230.8,6336.0,1580642.0,0.004000144432383927,0.004008497812913993,8
230.9,6336.0,1580642.0,0.004000144432383927,0.004008497812913993,8
231.0,6336.0,1580642.0,0.004000144432383927,0.004008497812913993,8
231.1,6336.0,1580642.0,0.004000144432383927,0.004008497812913993,8
231.2,6336.0,1580642.0,0.004000144432383927,0.004008497812913993,8
231.3,6336.0,1580642.0,0.004000144432383927,0.004008497812913993,8
231.4,6336.0,1580642.0,0.004000144432383927,0.004008497812913993,8
231.5,6336.0,1580642.0,0.004000144432383927,0.004008497812913993,8
231.6,6336.0,1580642.0,0.004000144432383927,0.004008497812913993,8
231.7,6336.0,1580642.0,0.004000144432383927,0.004008497812913993,8
231.8,6336.0,1580642.0,0.004000144432383927,0.004008497812913993,8
231.9,6336.0,1580642.0,0.004000144432383927,0.004008497812913993,8
232.0,6336.0,1580642.0,0.004000144432383927,0.004008497812913993,8
232.1,6336.0,1580642.0,0.004000144432383927,0.004008497812913993,8
232.2,6336.0,1580642.0,0.004000144432383927,0.004008497812913993,8
232.3,6336.0,1580642.0,0.004000144432383927,0.004008497812913993,8
232.4,6336.0,1580642.0,0.004000144432383927,0.004008497812913993,8
232.5,6336.0,1580642.0,0.004000144432383927,0.004008497812913993,8
232.6,6336.0,1580642.0,0.004000144432383927,0.004008497812913993,8
232.7,6336.0,1580642.0,0.004000144432383927,0.004008497812913993,8
232.8,6336.0,1580642.0,0.004000144432383927,0.004008497812913993,8
232.9,6336.0,1580642.0,0.004000144432383927,0.004008497812913993,8
233.0,6336.0,1580642.0,0.004000144432383927,0.004008497812913993,8
233.1,6336.0,1580642.0,0.004000144432383927,0.004008497812913993,8
233.2,6336.0,1580642.0,0.004000144432383927,0.004008497812913993,8
233.3,6336.0,1580642.0,0.004000144432383927,0.004008497812913993,8
233.4,6336.0,1580642.0,0.004000144432383927,0.004008497812913993,8
233.5,6336.0,1580642.0,0.004000144432383927,0.004008497812913993,8
233.6,6336.0,1580642.0,0.004000144432383927,0.004008497812913993,8
233.7,6336.0,1580642.0,0.004000144432383927,0.004008497812913993,8
233.8,6336.0,1580642.0,0.004000144432383927,0.004008497812913993,8
233.9,6336.0,1580642.0,0.004000144432383927,0.004008497812913993,8
234.0,6336.0,1580642.0,0.004000144432383927,0.004008497812913993,8
234.1,6336.0,1580642.0,0.004000144432383927,0.004008497812913993,8
234.2,6336.0,1580642.0,0.004000144432383927,0.004008497812913993,8
234.3,6336.0,1580642.0,0.004000144432383927,0.004008497812913993,8
234.4,6336.0,1580642.0,0.004000144432383927,0.004008497812913993,8
234.5,6336.0,1580642.0,0.004000144432383927,0.004008497812913993,8
234.6,6336.0,1580642.0,0.004000144432383927,0.004008497812913993,8
234.7,6336.0,1580642.0,0.004000144432383927,0.004008497812913993,8
234.8,6336.0,1580642.0,0.004000144432383927,0.004008497812913993,8
234.9,6336.0,1580642.0,0.004000144432383927,0.004008497812913993,8
235.0,6336.0,1580642.0,0.004000144432383927,0.004008497812913993,8
235.1,6336.0,1580642.0,0.004000144432383927,0.004008497812913993,8
235.2,6336.0,1580642.0,0.004000144432383927,0.004008497812913993,8
235.3,6336.0,1580642.0,0.004000144432383927,0.004008497812913993,8
235.4,6336.0,1580642.0,0.004000144432383927,0.004008497812913993,8
235.5,6336.0,1580642.0,0.004000144432383927,0.004008497812913993,8
235.6,6336.0,1580642.0,0.004000144432383927,0.004008497812913993,8
235.7,6336.0,1580642.0,0.004000144432383927,0.004008497812913993,8
235.8,6336.0,1580642.0,0.004000144432383927,0.004008497812913993,8
235.9,6336.0,1580642.0,0.004000144432383927,0.004008497812913993,8
236.0,6336.0,1580642.0,0.004000144432383927,0.004008497812913993,8
236.1,6336.0,1580642.0,0.004000144432383927,0.004008497812913993,8
236.2,6336.0,1580642.0,0.004000144432383927,0.004008497812913993,8
236.3,6336.0,1580642.0,0.004000144432383927,0.004008497812913993,8
236.4,6336.0,1580642.0,0.004000144432383927,0.004008497812913993,8
236.5,6336.0,1580642.0,0.004000144432383927,0.004008497812913993,8
236.6,6336.0,1580642.0,0.004000144432383927,0.004008497812913993,8
236.7,6336.0,1580642.0,0.004000144432383927,0.004008497812913993,8
236.8,6336.0,1580642.0,0.004000144432383927,0.004008497812913993,8
236.9,6336.0,1580642.0,0.004000144432383927,0.004008497812913993,8
237.0,6336.0,1580642.0,0.004000144432383927,0.004008497812913993,8
237.1,6336.0,1580642.0,0.004000144432383927,0.004008497812913993,8
237.2,6336.0,1580642.0,0.004000144432383927,0.004008497812913993,8
237.3,6336.0,1580642.0,0.004000144432383927,0.004008497812913993,8
237.4,6336.0,1580642.0,0.004000144432383927,0.004008497812913993,8
237.5,6336.0,1580642.0,0.004000144432383927,0.004008497812913993,8
237.6,6336.0,1580642.0,0.004000144432383927,0.004008497812913993,8
237.7,6336.0,1580642.0,0.004000144432383927,0.004008497812913993,8
237.8,6336.0,1580642.0,0.004000144432383927,0.004008497812913993,8
237.9,6336.0,1580642.0,0.004000144432383927,0.004008497812913993,8
238.0,6336.0,1580642.0,0.004000144432383927,0.004008497812913993,8
238.1,6336.0,1580642.0,0.004000144432383927,0.004008497812913993,8
238.2,6336.0,1580642.0,0.004000144432383927,0.004008497812913993,8
238.3,6336.0,1580642.0,0.004000144432383927,0.004008497812913993,8
238.4,12485.0,1580642.0,0.007843027095070586,0.007898689266766288,8
238.5,18714.0,1580642.0,0.01181740831919787,0.011839493066741235,8
238.6,53027.0,1580642.0,0.033514429657564446,0.033547760973072965,8
238.7,58571.0,1580642.0,0.03705175017555476,0.03705519655937271,8
238.8,58571.0,1580642.0,0.03705175017555476,0.03705519655937271,8
238.9,62586.0,1580642.0,0.039450025090136745,0.03959530368040328,8
239.0,78339.0,1580642.0,0.04950114524163411,0.04956150728627988,8
239.1,94040.0,1580642.0,0.059519087062154655,0.059494812867176755,8
239.2,94040.0,1580642.0,0.059519087062154655,0.059494812867176755,8
239.3,107191.0,1580642.0,0.0676560683802764,0.06781484991541412,8
239.4,126298.0,1580642.0,0.07984719087977872,0.07990297613248287,8
239.5,144523.0,1580642.0,0.09147555784232804,0.0914331012335494,8
239.6,144523.0,1580642.0,0.09147555784232804,0.0914331012335494,8
239.7,144523.0,1580642.0,0.09147555784232804,0.0914331012335494,8
239.8,150033.0,1580642.0,0.09476683923195364,0.09491902657274702,8
239.9,154323.0,1580642.0,0.09750405153754138,0.0976331136335742,8
240.0,171574.0,1580642.0,0.10851096283910179,0.10854703342059745,8
240.1,170590.0,1580642.0,0.10788312672984811,0.10792450156328884,8
240.2,170074.0,1580642.0,0.1075538955993858,0.10759805193079774,8
240.3,165724.0,1580642.0,0.10486178713733713,0.10484600561037857,8
240.4,164468.0,1580642.0,0.1040604028352816,0.10405139177625294,8
240.5,167502.0,1580642.0,0.10599623083881382,0.1059708650029545,8
240.6,167502.0,1580642.0,0.10599623083881382,0.1059708650029545,8
240.7,165933.0,1580642.0,0.10499513850607088,0.10497823036462399,8
240.8,165933.0,1580642.0,0.10499513850607088,0.10497823036462399,8
240.9,165933.0,1580642.0,0.10499513850607088,0.10497823036462399,8
241.0,165933.0,1580642.0,0.10499513850607088,0.10497823036462399,8
241.1,165933.0,1580642.0,0.10499513850607088,0.10497823036462399,8
241.2,175153.0,1580642.0,0.11087791180619186,0.11081130325525958,8
241.3,184553.0,1580642.0,0.11687553317507876,0.11675825392467111,8
241.4,211793.0,1580642.0,0.1342558742483212,0.13399175777943392,8
241.5,211793.0,1580642.0,0.1342558742483212,0.13399175777943392,8
241.6,211793.0,1580642.0,0.1342558742483212,0.13399175777943392,8
241.7,211793.0,1580642.0,0.1342558742483212,0.13399175777943392,8
241.8,230333.0,1580642.0,0.14608522533121088,0.1457211689933584,8
241.9,230333.0,1580642.0,0.14608522533121088,0.1457211689933584,8
242.0,237306.0,1580642.0,0.15053431190623728,0.150132667612274,8
242.1,243965.0,1580642.0,0.15478305240574983,0.1543455127726582,8
242.2,281196.0,1580642.0,0.17784678100733145,0.17789986600381363,8
242.3,281713.0,1580642.0,0.17815559996893515,0.17822694829063127,8
242.4,281713.0,1580642.0,0.17815559996893515,0.17822694829063127,8
242.5,281713.0,1580642.0,0.17815559996893515,0.17822694829063127,8
242.6,294935.0,1580642.0,0.1865918286646184,0.18659190379605248,8
242.7,294935.0,1580642.0,0.1865918286646184,0.18659190379605248,8
242.8,294935.0,1580642.0,0.1865918286646184,0.18659190379605248,8
242.9,294935.0,1580642.0,0.1865918286646184,0.18659190379605248,8
243.0,294935.0,1580642.0,0.1865918286646184,0.18659190379605248,8
243.1,310376.0,1580642.0,0.19644387883025485,0.19636071925205076,8
243.2,310149.0,1580642.0,0.1962990426546445,0.19621710671992773,8
243.3,325811.0,1580642.0,0.20629210072693244,0.2061257387820898,8
243.4,332100.0,1580642.0,0.21030476464064837,0.21010450184165674,8
243.5,334740.0,1580642.0,0.21171677168706146,0.21177470926370423,8
243.6,330370.0,1580642.0,0.2089285157953555,0.20901000985675441,8
243.7,342913.0,1580642.0,0.21691266050852953,0.21694539307445962,8
243.8,341100.0,1580642.0,0.21579371047703025,0.21579839078045504,8
243.9,339921.0,1580642.0,0.2150414556266135,0.21505249132947246,8
244.0,336498.0,1580642.0,0.21286724076101313,0.2128869155697495,8
244.1,334432.0,1580642.0,0.21158454457181924,0.21157985173113203,8
244.2,329101.0,1580642.0,0.2081831276018686,0.20820717151638385,8
244.3,322717.0,1580642.0,0.20413615201772353,0.20416830629579627,8
244.4,321171.0,1580642.0,0.20314973471598957,0.20319022270697604,8
244.5,316729.0,1580642.0,0.20037083203427114,0.2003799721885158,8
244.6,313616.0,1580642.0,0.19841554271072506,0.19841051927001813,8
244.7,312018.0,1580642.0,0.1973959470780143,0.19739953765621818,8
244.8,308868.0,1580642.0,0.19542474543512742,0.19540667652763877,8
244.9,307354.0,1580642.0,0.1944587455678407,0.19444883787726758,8
245.0,304177.0,1580642.0,0.19241449496809693,0.19243889508187179,8
245.1,300465.0,1580642.0,0.19006537199443113,0.19009048222178077,8
245.2,301690.0,1580642.0,0.19084697690686583,0.19086548377178386,8
245.3,300542.0,1580642.0,0.19013518521502926,0.19013919660492382,8
245.4,298079.0,1580642.0,0.18855557830737052,0.1885809689986727,8
245.5,293365.0,1580642.0,0.18560019587504495,0.18559863650339545,8
245.6,293088.0,1580642.0,0.18542345745811073,0.18542339125494578,8
245.7,292666.0,1580642.0,0.1851263527421872,0.1851564111291488,8
245.8,292420.0,1580642.0,0.18497407606414612,0.18500077816482163,8
245.9,291424.0,1580642.0,0.1843248620978028,0.1843706544555946,8
246.0,289431.0,1580642.0,0.18308459014071765,0.18310977438281406,8
246.1,289534.0,1580642.0,0.1831503087578448,0.18317493777844698,8
246.2,289101.0,1580642.0,0.18286943443086903,0.18290099845505814,8
246.3,290479.0,1580642.0,0.18375122531483443,0.1837727961170208,8
246.4,289904.0,1580642.0,0.18337730565766117,0.18340901987926425,8
246.5,292106.0,1580642.0,0.18480703574258656,0.18480212470629023,8
246.6,294330.0,1580642.0,0.1862289382783968,0.18620914792849994,8
246.7,294373.0,1580642.0,0.18626972908038156,0.18623635206454087,8
246.8,294474.0,1580642.0,0.18633417160785573,0.1863002501515207,8
246.9,297148.0,1580642.0,0.1880087077952882,0.18799196782067035,8
247.0,300176.0,1580642.0,0.18993077280618811,0.1899076451214127,8
247.1,302100.0,1580642.0,0.19115173433118807,0.19112487204566245,8
247.2,303712.0,1580642.0,0.19216206250342843,0.1921447108200339,8
247.3,305105.0,1580642.0,0.19306975120812309,0.19302599829689454,8
247.4,305867.0,1580642.0,0.19354384868995206,0.1935080808937128,8
247.5,308635.0,1580642.0,0.19527538881718753,0.19525926806955654,8
247.6,310093.0,1580642.0,0.19619193685501957,0.19618167807764186,8
247.7,312417.0,1580642.0,0.19765773371005005,0.1976519667325049,8
247.8,313130.0,1580642.0,0.19809006224657943,0.19810304926732303,8
247.9,315549.0,1580642.0,0.1996115874304498,0.1996334400832067,8
248.0,317065.0,1580642.0,0.20057381459339144,0.20059254404223095,8
248.1,320683.0,1580642.0,0.2028765198082178,0.20288148739562786,8
248.2,322010.0,1580642.0,0.20372715475277423,0.20372101968693734,8
248.3,323226.0,1580642.0,0.2044828628018594,0.20449032734800163,8
248.4,324233.0,1580642.0,0.20512537394212207,0.2051274102548205,8
248.5,326854.0,1580642.0,0.20679768943231916,0.2067855972446639,8
248.6,328321.0,1580642.0,0.20773370119276138,0.207713701141688,8
248.7,329267.0,1580642.0,0.2083372915986089,0.20831219213458835,8
248.8,331974.0,1580642.0,0.21006447894388308,0.21002478739651356,8
248.9,335499.0,1580642.0,0.21231358695721567,0.2122548938975429,8
249.0,338138.0,1580642.0,0.21399738725428932,0.21392446866526385,8
249.1,339611.0,1580642.0,0.2149372272836904,0.21485636848824718,8
249.2,341472.0,1580642.0,0.21612462870576474,0.21603373818992536,8
249.3,342941.0,1580642.0,0.21706191655585994,0.21696310739560254,8
249.4,345568.0,1580642.0,0.21873806031501586,0.21862509031140512,8
249.5,347238.0,1580642.0,0.219803595175233,0.21968162303671546,8
249.6,348211.0,1580642.0,0.22042441279139546,0.22029719569643222,8
249.7,350529.0,1580642.0,0.22190340069916992,0.22176368842533603,8
249.8,351689.0,1580642.0,0.22264353269788362,0.22249756744411447,8
249.9,353487.0,1580642.0,0.22379073729588986,0.22363507992322107,8
250.0,353814.0,1580642.0,0.22399937795414795,0.2238419578879974,8
250.1,353966.0,1580642.0,0.2240963607677725,0.22393812134563046,8
250.2,350333.0,1580642.0,0.2219433254718881,0.22163968817733554,8
250.3,350333.0,1580642.0,0.2219433254718881,0.22163968817733554,8
250.4,350333.0,1580642.0,0.2219433254718881,0.22163968817733554,8
250.5,350333.0,1580642.0,0.2219433254718881,0.22163968817733554,8
250.6,350333.0,1580642.0,0.2219433254718881,0.22163968817733554,8
250.7,350333.0,1580642.0,0.2219433254718881,0.22163968817733554,8
250.8,350333.0,1580642.0,0.2219433254718881,0.22163968817733554,8
250.9,293680.0,1580642.0,0.18579617191746797,0.18579792261625339,8
251.0,266783.0,1580642.0,0.1686346802197073,0.16878141919549144,8
251.1,266783.0,1580642.0,0.1686346802197073,0.16878141919549144,8
251.2,239993.0,1580642.0,0.15154145931837965,0.15183260978766855,8
251.3,239993.0,1580642.0,0.15154145931837965,0.15183260978766855,8
251.4,208275.0,1580642.0,0.13259538615755484,0.13176607985869032,8
251.6,181391.0,1580642.0,0.11544218904253832,0.11475780094417332,8
251.7,166758.0,1580642.0,0.10610567909669556,0.10550017018401384,8
251.8,138067.0,1580642.0,0.0877995349802345,0.08734868490145144,8
251.9,138067.0,1580642.0,0.0877995349802345,0.08734868490145144,8
252.0,59227.0,1580642.0,0.03775890316122057,0.037470217797578455,8
252.1,55588.0,1580642.0,0.03543705803766956,0.03516798870332435,8
252.2,54059.0,1580642.0,0.03446148749798573,0.03420066023805517,8
252.3,54059.0,1580642.0,0.03446148749798573,0.03420066023805517,8
252.4,51791.0,1580642.0,0.033014401831535145,0.032765800225478,8
252.5,36731.0,1580642.0,0.02340544674478657,0.02323802606788887,8
252.6,9860.0,1580642.0,0.006260544212514262,0.006237971659616788,8
252.7,9860.0,1580642.0,0.006260544212514262,0.006237971659616788,8
252.8,9860.0,1580642.0,0.006260544212514262,0.006237971659616788,8
253.0,8808.0,1580642.0,0.005589321055060112,0.005572419308103922,8
253.1,8888.0,1580642.0,0.005640364641178298,0.005623031654226574,8
253.2,6353.0,1580642.0,0.00402292100605827,0.004019252936465057,8
253.3,6353.0,1580642.0,0.00402292100605827,0.004019252936465057,8
253.4,6473.0,1580642.0,0.004099486385235549,0.004095171455649034,8
253.5,6553.0,1580642.0,0.004150529971353735,0.004145783801771686,8
253.6,6713.0,1580642.0,0.004252617143590108,0.004247008494016988,8
253.7,6429.0,1580642.0,0.004071412412870546,0.004067334665281575,8
253.8,6429.0,1580642.0,0.004071412412870546,0.004067334665281575,8
253.9,6629.0,1580642.0,0.004199021378166012,0.004193865530588204,8
254.0,6709.0,1580642.0,0.004250064964284198,0.004244477876710856,8
254.1,6909.0,1580642.0,0.004377673929579664,0.004371008742017484,8
254.2,6909.0,1580642.0,0.004377673929579664,0.004371008742017484,8
254.3,7069.0,1580642.0,0.004479761101816037,0.004472233434262787,8
254.4,7109.0,1580642.0,0.00450528289487513,0.004497539607324113,8
254.5,7269.0,1580642.0,0.004607370067111503,0.004598764299569415,8
254.6,7389.0,1580642.0,0.004683935446288782,0.004674682818753393,8
254.7,7389.0,1580642.0,0.004683935446288782,0.004674682818753393,8
254.8,7589.0,1580642.0,0.0048115444115842485,0.004801213684060021,8
254.9,7589.0,1580642.0,0.0048115444115842485,0.004801213684060021,8
255.0,7495.0,1580642.0,0.004751568197895379,0.004741744177365906,8
255.1,7495.0,1580642.0,0.004751568197895379,0.004741744177365906,8
255.2,7495.0,1580642.0,0.004751568197895379,0.004741744177365906,8
255.3,6151.0,1580642.0,0.003894035951109849,0.0038914567625053615,8
255.4,4994.0,1580642.0,0.0031558180868755796,0.0031594757067065155,8
255.5,5114.0,1580642.0,0.003232383466052859,0.0032353942258904925,8
255.6,5114.0,1580642.0,0.003232383466052859,0.0032353942258904925,8
255.7,5234.0,1580642.0,0.0033089488452301384,0.00331131274507447,8
255.8,5234.0,1580642.0,0.0033089488452301384,0.00331131274507447,8
255.9,5274.0,1580642.0,0.0033344706382892313,0.0033366189181357957,8
256.0,5394.0,1580642.0,0.003411036017466511,0.0034125374373197726,8
256.1,5394.0,1580642.0,0.003411036017466511,0.0034125374373197726,8
256.2,3740.0,1580642.0,0.002355709874473009,0.0023661271812339545,8
256.3,3004.0,1580642.0,0.0018861088821856948,0.001900493596905561,8
256.4,2075.0,1580642.0,0.001293365238388256,0.0013127577275562714,8
256.5,2075.0,1580642.0,0.001293365238388256,0.0013127577275562714,8
256.6,2075.0,1580642.0,0.001293365238388256,0.0013127577275562714,8
256.7,2075.0,1580642.0,0.001293365238388256,0.0013127577275562714,8
256.8,2075.0,1580642.0,0.001293365238388256,0.0013127577275562714,8
256.9,2115.0,1580642.0,0.0013188870314473492,0.0013380639006175972,8
257.0,2115.0,1580642.0,0.0013188870314473492,0.0013380639006175972,8
257.1,2115.0,1580642.0,0.0013188870314473492,0.0013380639006175972,8
257.2,2115.0,1580642.0,0.0013188870314473492,0.0013380639006175972,8
257.3,2115.0,1580642.0,0.0013188870314473492,0.0013380639006175972,8
257.4,2115.0,1580642.0,0.0013188870314473492,0.0013380639006175972,8
257.5,2115.0,1580642.0,0.0013188870314473492,0.0013380639006175972,8
257.6,2115.0,1580642.0,0.0013188870314473492,0.0013380639006175972,8
257.7,2115.0,1580642.0,0.0013188870314473492,0.0013380639006175972,8
257.8,2115.0,1580642.0,0.0013188870314473492,0.0013380639006175972,8
257.9,2115.0,1580642.0,0.0013188870314473492,0.0013380639006175972,8
258.0,2115.0,1580642.0,0.0013188870314473492,0.0013380639006175972,8
258.1,2115.0,1580642.0,0.0013188870314473492,0.0013380639006175972,8
258.2,2115.0,1580642.0,0.0013188870314473492,0.0013380639006175972,8
258.3,2115.0,1580642.0,0.0013188870314473492,0.0013380639006175972,8
258.4,2115.0,1580642.0,0.0013188870314473492,0.0013380639006175972,8
258.5,2115.0,1580642.0,0.0013188870314473492,0.0013380639006175972,8
258.6,2115.0,1580642.0,0.0013188870314473492,0.0013380639006175972,8
258.7,2115.0,1580642.0,0.0013188870314473492,0.0013380639006175972,8
258.8,2115.0,1580642.0,0.0013188870314473492,0.0013380639006175972,8
258.9,2115.0,1580642.0,0.0013188870314473492,0.0013380639006175972,8
259.0,2115.0,1580642.0,0.0013188870314473492,0.0013380639006175972,8
259.1,2115.0,1580642.0,0.0013188870314473492,0.0013380639006175972,8
259.2,2115.0,1580642.0,0.0013188870314473492,0.0013380639006175972,8
259.3,2115.0,1580642.0,0.0013188870314473492,0.0013380639006175972,8
259.4,2115.0,1580642.0,0.0013188870314473492,0.0013380639006175972,8
259.5,2115.0,1580642.0,0.0013188870314473492,0.0013380639006175972,8
259.6,2115.0,1580642.0,0.0013188870314473492,0.0013380639006175972,8
259.7,2115.0,1580642.0,0.0013188870314473492,0.0013380639006175972,8
259.8,2115.0,1580642.0,0.0013188870314473492,0.0013380639006175972,8
259.9,2115.0,1580642.0,0.0013188870314473492,0.0013380639006175972,8
260.0,2115.0,1580642.0,0.0013188870314473492,0.0013380639006175972,8
260.1,2115.0,1580642.0,0.0013188870314473492,0.0013380639006175972,8
260.2,2115.0,1580642.0,0.0013188870314473492,0.0013380639006175972,8
260.3,2115.0,1580642.0,0.0013188870314473492,0.0013380639006175972,8
260.4,2115.0,1580642.0,0.0013188870314473492,0.0013380639006175972,8
260.5,2115.0,1580642.0,0.0013188870314473492,0.0013380639006175972,8
260.6,2115.0,1580642.0,0.0013188870314473492,0.0013380639006175972,8
260.7,2115.0,1580642.0,0.0013188870314473492,0.0013380639006175972,8
260.8,2115.0,1580642.0,0.0013188870314473492,0.0013380639006175972,8
260.9,2115.0,1580642.0,0.0013188870314473492,0.0013380639006175972,8
261.0,2115.0,1580642.0,0.0013188870314473492,0.0013380639006175972,8
261.1,2115.0,1580642.0,0.0013188870314473492,0.0013380639006175972,8
261.2,2115.0,1580642.0,0.0013188870314473492,0.0013380639006175972,8
261.3,2115.0,1580642.0,0.0013188870314473492,0.0013380639006175972,8
261.4,2115.0,1580642.0,0.0013188870314473492,0.0013380639006175972,8
261.5,2115.0,1580642.0,0.0013188870314473492,0.0013380639006175972,8
261.6,2115.0,1580642.0,0.0013188870314473492,0.0013380639006175972,8
261.7,2115.0,1580642.0,0.0013188870314473492,0.0013380639006175972,8
261.8,2115.0,1580642.0,0.0013188870314473492,0.0013380639006175972,8
261.9,2115.0,1580642.0,0.0013188870314473492,0.0013380639006175972,8
262.0,2115.0,1580642.0,0.0013188870314473492,0.0013380639006175972,8
262.1,2115.0,1580642.0,0.0013188870314473492,0.0013380639006175972,8
262.2,2115.0,1580642.0,0.0013188870314473492,0.0013380639006175972,8
262.3,2115.0,1580642.0,0.0013188870314473492,0.0013380639006175972,8
262.4,2115.0,1580642.0,0.0013188870314473492,0.0013380639006175972,8
262.5,2115.0,1580642.0,0.0013188870314473492,0.0013380639006175972,8
262.6,2115.0,1580642.0,0.0013188870314473492,0.0013380639006175972,8
262.7,2115.0,1580642.0,0.0013188870314473492,0.0013380639006175972,8
262.8,2115.0,1580642.0,0.0013188870314473492,0.0013380639006175972,8
262.9,2115.0,1580642.0,0.0013188870314473492,0.0013380639006175972,8
263.0,2115.0,1580642.0,0.0013188870314473492,0.0013380639006175972,8
263.1,2115.0,1580642.0,0.0013188870314473492,0.0013380639006175972,8
263.2,2115.0,1580642.0,0.0013188870314473492,0.0013380639006175972,8
263.3,2115.0,1580642.0,0.0013188870314473492,0.0013380639006175972,8
263.4,2115.0,1580642.0,0.0013188870314473492,0.0013380639006175972,8
263.5,2115.0,1580642.0,0.0013188870314473492,0.0013380639006175972,8
263.6,2115.0,1580642.0,0.0013188870314473492,0.0013380639006175972,8
263.7,2115.0,1580642.0,0.0013188870314473492,0.0013380639006175972,8
263.8,2115.0,1580642.0,0.0013188870314473492,0.0013380639006175972,8
263.9,2115.0,1580642.0,0.0013188870314473492,0.0013380639006175972,8
264.0,2115.0,1580642.0,0.0013188870314473492,0.0013380639006175972,8
264.1,2115.0,1580642.0,0.0013188870314473492,0.0013380639006175972,8
264.2,2115.0,1580642.0,0.0013188870314473492,0.0013380639006175972,8
264.3,2115.0,1580642.0,0.0013188870314473492,0.0013380639006175972,8
264.4,2115.0,1580642.0,0.0013188870314473492,0.0013380639006175972,8
264.5,2115.0,1580642.0,0.0013188870314473492,0.0013380639006175972,8
264.6,2115.0,1580642.0,0.0013188870314473492,0.0013380639006175972,8
264.7,2115.0,1580642.0,0.0013188870314473492,0.0013380639006175972,8
264.8,2115.0,1580642.0,0.0013188870314473492,0.0013380639006175972,8
264.9,2115.0,1580642.0,0.0013188870314473492,0.0013380639006175972,8
265.0,2115.0,1580642.0,0.0013188870314473492,0.0013380639006175972,8
265.1,2115.0,1580642.0,0.0013188870314473492,0.0013380639006175972,8
265.2,2115.0,1580642.0,0.0013188870314473492,0.0013380639006175972,8
265.3,2115.0,1580642.0,0.0013188870314473492,0.0013380639006175972,8
265.4,2115.0,1580642.0,0.0013188870314473492,0.0013380639006175972,8
265.5,2115.0,1580642.0,0.0013188870314473492,0.0013380639006175972,8
265.6,2115.0,1580642.0,0.0013188870314473492,0.0013380639006175972,8
265.7,2115.0,1580642.0,0.0013188870314473492,0.0013380639006175972,8
265.8,2115.0,1580642.0,0.0013188870314473492,0.0013380639006175972,8
265.9,2115.0,1580642.0,0.0013188870314473492,0.0013380639006175972,8
266.0,2115.0,1580642.0,0.0013188870314473492,0.0013380639006175972,8
266.1,2115.0,1580642.0,0.0013188870314473492,0.0013380639006175972,8
266.2,2115.0,1580642.0,0.0013188870314473492,0.0013380639006175972,8
266.3,2115.0,1580642.0,0.0013188870314473492,0.0013380639006175972,8
266.4,2115.0,1580642.0,0.0013188870314473492,0.0013380639006175972,8
266.5,2115.0,1580642.0,0.0013188870314473492,0.0013380639006175972,8
266.6,2115.0,1580642.0,0.0013188870314473492,0.0013380639006175972,8
266.7,2115.0,1580642.0,0.0013188870314473492,0.0013380639006175972,8
266.8,4381.0,1580642.0,0.0027646966082449766,0.002771658604541699,8
266.9,44516.0,1384731.0,0.032364155652570094,0.032147760106475555,7
267.5,65070.0,1580642.0,0.041235170123638684,0.041166817027511605,8
267.6,64733.0,1580642.0,0.04102014901711583,0.04095361251946994,8
267.7,88713.0,1580642.0,0.05632046395604217,0.056124663269734705,8
267.8,98703.0,1580642.0,0.0626945317725507,0.0624448799918008,8
267.9,98703.0,1580642.0,0.0626945317725507,0.0624448799918008,8
268.0,128414.0,1580642.0,0.08120551838089177,0.081241672687427,8
268.1,147027.0,1580642.0,0.09308144673611429,0.0930172676671884,8
268.2,168606.0,1580642.0,0.10684981604666857,0.10666931537944709,8
268.3,174280.0,1580642.0,0.11023905935061332,0.11025899602819614,8
268.4,176706.0,1580642.0,0.11178695609964732,0.11179381542436555,8
268.5,178300.0,1580642.0,0.11280399955305219,0.11280226642085937,8
268.6,171441.0,1580642.0,0.1084276500882442,0.10846289039516854,8
268.7,170325.0,1580642.0,0.1077155920618955,0.10775684816675755,8
268.8,167128.0,1580642.0,0.10574212996307236,0.1057342522848311,8
268.9,167128.0,1580642.0,0.10574212996307236,0.1057342522848311,8
269.0,167128.0,1580642.0,0.10574212996307236,0.1057342522848311,8
269.1,167128.0,1580642.0,0.10574212996307236,0.1057342522848311,8
269.2,171568.0,1580642.0,0.1085750489926317,0.10854323749463825,8
269.3,171568.0,1580642.0,0.1085750489926317,0.10854323749463825,8
269.4,171568.0,1580642.0,0.1085750489926317,0.10854323749463825,8
269.5,171568.0,1580642.0,0.1085750489926317,0.10854323749463825,8
269.6,171568.0,1580642.0,0.1085750489926317,0.10854323749463825,8
269.7,171568.0,1580642.0,0.1085750489926317,0.10854323749463825,8
269.8,171568.0,1580642.0,0.1085750489926317,0.10854323749463825,8
269.9,182718.0,1580642.0,0.11568924880785392,0.1155973332354828,8
270.0,193146.0,1580642.0,0.12191819296956276,0.1221946525525704,8
270.1,193146.0,1580642.0,0.12191819296956276,0.1221946525525704,8
270.2,193146.0,1580642.0,0.12191819296956276,0.1221946525525704,8
270.3,220296.0,1580642.0,0.13924111000842224,0.13937121751794523,8
270.4,264150.0,1580642.0,0.16722192782875903,0.1671156403537297,8
270.5,266850.0,1580642.0,0.16894464886024782,0.16882380703536917,8
270.6,289985.0,1580642.0,0.1834693776405896,0.18346026487971343,8
270.7,289985.0,1580642.0,0.1834693776405896,0.18346026487971343,8
270.8,289985.0,1580642.0,0.1834693776405896,0.18346026487971343,8
270.9,299162.0,1580642.0,0.18932471501317205,0.18926613363430808,8
271.0,307565.0,1580642.0,0.194686205690061,0.19458232794016608,8
271.1,311565.0,1580642.0,0.19723838499597035,0.19711294524629866,8
271.2,311565.0,1580642.0,0.19723838499597035,0.19711294524629866,8
271.3,311565.0,1580642.0,0.19723838499597035,0.19711294524629866,8
271.4,311565.0,1580642.0,0.19723838499597035,0.19711294524629866,8
271.5,333770.0,1580642.0,0.21140617036789944,0.21116103456696708,8
271.6,346168.0,1580642.0,0.2193166501265654,0.219004682907325,8
271.7,349071.0,1580642.0,0.22116889425782904,0.2208412784172507,8
271.8,346425.0,1580642.0,0.21948062764697004,0.21916727506924402,8
271.9,350104.0,1580642.0,0.22149355267729545,0.22149481033655946,8
272.0,347731.0,1580642.0,0.21997947230406475,0.2199935216196963,8
272.1,348943.0,1580642.0,0.2207232227592188,0.22076029866345448,8
272.2,349463.0,1580642.0,0.22108041290329936,0.2210892789132517,8
272.3,346619.0,1580642.0,0.21926581341679785,0.21929001000859144,8
272.4,337563.0,1580642.0,0.2135061645688246,0.2135606924275073,8
272.5,334555.0,1580642.0,0.2115972268991799,0.2116576682132956,8
272.6,329003.0,1580642.0,0.2080582628894312,0.2081451713923836,8
272.7,327927.0,1580642.0,0.2073717266561416,0.20746443533703393,8
272.8,325820.0,1580642.0,0.20604572915911748,0.2061314326710286,8
272.9,321134.0,1580642.0,0.20311102139149664,0.2031668144968943,8
273.0,318300.0,1580642.0,0.2013028023532599,0.20137387213549937,8
273.1,317150.0,1580642.0,0.2006070796221182,0.20064631965998625,8
273.2,314933.0,1580642.0,0.19919273782222113,0.19924372501806228,8
273.3,314400.0,1580642.0,0.1988526599297087,0.1989065202620201,8
273.4,310921.0,1580642.0,0.19665749449109385,0.1967055158600113,8
273.5,308647.0,1580642.0,0.1952175738974542,0.19526685992147494,8
273.6,304091.0,1580642.0,0.19231064166802347,0.19238448680978995,8
273.7,303369.0,1580642.0,0.19187920744919829,0.191927710386033,8
273.8,303967.0,1580642.0,0.192246466911131,0.19230603767329985,8
273.9,304266.0,1580642.0,0.19243724231424775,0.19249520131693323,8
274.0,302933.0,1580642.0,0.1916033000053694,0.19165187309966455,8
274.1,300906.0,1580642.0,0.1903758617605572,0.19036948277978188,8
274.2,299875.0,1580642.0,0.18971803754445904,0.1897172161691262,8
274.3,300293.0,1580642.0,0.1899945528573581,0.18998166567761707,8
274.4,299990.0,1580642.0,0.18980582619204653,0.18978997141667753,8
274.5,301189.0,1580642.0,0.19057084193899285,0.19054852395419078,8
274.6,301790.0,1580642.0,0.19093663610071282,0.1909287492044372,8
274.7,299956.0,1580642.0,0.1897736686352247,0.1897684611695754,8
274.8,300062.0,1580642.0,0.1898505846532147,0.18983552252818792,8
274.9,299493.0,1580642.0,0.18948753714694905,0.18947554221639057,8
275.0,299451.0,1580642.0,0.18947454201557015,0.18944897073467618,8
275.1,299443.0,1580642.0,0.18947342783285998,0.1894439095000639,8
275.2,301495.0,1580642.0,0.1907758555152458,0.1907421161781099,8
275.3,304521.0,1580642.0,0.1927071084692144,0.1926565281701992,8
275.4,306483.0,1580642.0,0.1939311840517741,0.19389779595885723,8
275.5,306465.0,1580642.0,0.1939544707777545,0.19388640818097963,8
275.6,307411.0,1580642.0,0.19458029216362532,0.19448489917387998,8
275.7,307616.0,1580642.0,0.19471109135305317,0.19461459331081926,8
275.8,310125.0,1580642.0,0.19628584681500175,0.19620192301609093,8
275.9,312341.0,1580642.0,0.19769527538160633,0.19760388500368836,8
276.0,315605.0,1580642.0,0.19976002005191298,0.19966886872549255,8
276.1,318141.0,1580642.0,0.20137223861624892,0.2012732800975806,8
276.2,321988.0,1580642.0,0.2038081083826986,0.2037071012917536,8
276.3,326223.0,1580642.0,0.20650102638860798,0.20638639236462147,8
276.4,328476.0,1580642.0,0.2079454631163683,0.20781176256230063,8
276.5,331353.0,1580642.0,0.20978233956456244,0.2096319090597365,8
276.6,332437.0,1580642.0,0.2104649411865643,0.2103177063496984,8
276.7,336629.0,1580642.0,0.21313962509915726,0.21296979328652535,8
276.8,337852.0,1580642.0,0.213919953921939,0.21374352952787537,8
276.9,340305.0,1580642.0,0.21548507788128787,0.21529543059086118,8
277.0,342951.0,1580642.0,0.2171733444921469,0.2169694339388679,8
277.1,344513.0,1580642.0,0.2181699705111045,0.21795763999691264,8
277.2,346283.0,1580642.0,0.21929930985396937,0.21907743815487632,8
277.3,348875.0,1580642.0,0.2209531220441986,0.22071727816925021,8
277.4,349810.0,1580642.0,0.2215496939569549,0.2213088099645587,8
277.5,350049.0,1580642.0,0.221702186670483,0.22146001434860013,8
277.6,349109.0,1580642.0,0.2211024245335943,0.22086531928165898,8
277.7,349109.0,1580642.0,0.2211024245335943,0.22086531928165898,8
277.8,352829.0,1580642.0,0.22332448746815095,0.22321879337636227,8
277.9,352829.0,1580642.0,0.22332448746815095,0.22321879337636227,8
278.0,352829.0,1580642.0,0.22332448746815095,0.22321879337636227,8
278.1,352988.0,1580642.0,0.22342593659556084,0.22331938541428104,8
278.2,352988.0,1580642.0,0.22342593659556084,0.22331938541428104,8
278.3,344736.0,1580642.0,0.21816079068746994,0.21809872191172955,8
278.4,338330.0,1580642.0,0.21407347552905617,0.21404593829595822,8
278.5,323475.0,1580642.0,0.20459531963173544,0.20464785827530838,8
278.7,314055.0,1580642.0,0.19858493736631902,0.19868825451936617,8
278.8,292525.0,1580642.0,0.18484783225226215,0.1850672068691076,8
278.9,292525.0,1580642.0,0.18484783225226215,0.1850672068691076,8
279.0,292525.0,1580642.0,0.18484783225226215,0.1850672068691076,8
279.1,292525.0,1580642.0,0.18484783225226215,0.1850672068691076,8
279.2,292525.0,1580642.0,0.18484783225226215,0.1850672068691076,8
279.3,292525.0,1580642.0,0.18484783225226215,0.1850672068691076,8
279.4,292525.0,1580642.0,0.18484783225226215,0.1850672068691076,8
279.5,292525.0,1580642.0,0.18484783225226215,0.1850672068691076,8
279.7,184043.0,1580642.0,0.11694466913486805,0.11643560021813922,8
279.8,125680.0,1580642.0,0.07970645892717168,0.0795119957586854,8
279.9,98812.0,1580642.0,0.0625634705293788,0.06251383931339291,8
280.0,98812.0,1580642.0,0.0625634705293788,0.06251383931339291,8
280.1,68279.0,1580642.0,0.04308204784254652,0.04319700476135646,8
280.2,55065.0,1580642.0,0.0346509235054751,0.03483711049054751,8
280.3,38621.0,1580642.0,0.024592825650142636,0.02443374274503651,8
280.4,24898.0,1580642.0,0.015836936496394248,0.01575182742202219,8
280.5,24898.0,1580642.0,0.015836936496394248,0.01575182742202219,8
280.6,23697.0,1580642.0,0.015070644659794978,0.014992009575855886,8
280.7,23697.0,1580642.0,0.015070644659794978,0.014992009575855886,8
280.8,8505.0,1580642.0,0.005407801136019824,0.00538072504716438,8
280.9,8505.0,1580642.0,0.005407801136019824,0.00538072504716438,8
281.0,8545.0,1580642.0,0.005433322929078917,0.005406031220225706,8
281.1,8545.0,1580642.0,0.005433322929078917,0.005406031220225706,8
281.2,7253.0,1580642.0,0.004608969013270207,0.004588641830344885,8
281.3,7253.0,1580642.0,0.004608969013270207,0.004588641830344885,8
281.4,7253.0,1580642.0,0.004608969013270207,0.004588641830344885,8
281.5,7293.0,1580642.0,0.004634490806329301,0.004613948003406211,8
281.7,7293.0,1580642.0,0.004634490806329301,0.004613948003406211,8
281.8,7293.0,1580642.0,0.004634490806329301,0.004613948003406211,8
281.9,7293.0,1580642.0,0.004634490806329301,0.004613948003406211,8
282.0,7333.0,1580642.0,0.004660012599388394,0.0046392541764675365,8
282.1,7333.0,1580642.0,0.004660012599388394,0.0046392541764675365,8
282.2,7333.0,1580642.0,0.004660012599388394,0.0046392541764675365,8
282.3,7333.0,1580642.0,0.004660012599388394,0.0046392541764675365,8
282.4,7373.0,1580642.0,0.004685534392447487,0.004664560349528862,8
282.5,7373.0,1580642.0,0.004685534392447487,0.004664560349528862,8
282.6,7373.0,1580642.0,0.004685534392447487,0.004664560349528862,8
282.7,7373.0,1580642.0,0.004685534392447487,0.004664560349528862,8
282.8,7413.0,1580642.0,0.00471105618550658,0.004689866522590188,8
282.9,7413.0,1580642.0,0.00471105618550658,0.004689866522590188,8
283.0,7413.0,1580642.0,0.00471105618550658,0.004689866522590188,8
283.1,7413.0,1580642.0,0.00471105618550658,0.004689866522590188,8
283.2,7413.0,1580642.0,0.00471105618550658,0.004689866522590188,8
283.3,7453.0,1580642.0,0.004736577978565673,0.004715172695651514,8
283.4,7453.0,1580642.0,0.004736577978565673,0.004715172695651514,8
283.5,7453.0,1580642.0,0.004736577978565673,0.004715172695651514,8
283.6,7453.0,1580642.0,0.004736577978565673,0.004715172695651514,8
283.7,7453.0,1580642.0,0.004736577978565673,0.004715172695651514,8
283.8,7453.0,1580642.0,0.004736577978565673,0.004715172695651514,8
283.9,7453.0,1580642.0,0.004736577978565673,0.004715172695651514,8
284.0,7453.0,1580642.0,0.004736577978565673,0.004715172695651514,8
284.1,7453.0,1580642.0,0.004736577978565673,0.004715172695651514,8
284.2,7453.0,1580642.0,0.004736577978565673,0.004715172695651514,8
284.3,7453.0,1580642.0,0.004736577978565673,0.004715172695651514,8
284.4,7453.0,1580642.0,0.004736577978565673,0.004715172695651514,8
284.5,7453.0,1580642.0,0.004736577978565673,0.004715172695651514,8
284.6,7453.0,1580642.0,0.004736577978565673,0.004715172695651514,8
284.7,7453.0,1580642.0,0.004736577978565673,0.004715172695651514,8
284.8,7453.0,1580642.0,0.004736577978565673,0.004715172695651514,8
284.9,7453.0,1580642.0,0.004736577978565673,0.004715172695651514,8
285.0,7453.0,1580642.0,0.004736577978565673,0.004715172695651514,8
285.1,7453.0,1580642.0,0.004736577978565673,0.004715172695651514,8
285.2,7453.0,1580642.0,0.004736577978565673,0.004715172695651514,8
285.3,7453.0,1580642.0,0.004736577978565673,0.004715172695651514,8
285.4,7453.0,1580642.0,0.004736577978565673,0.004715172695651514,8
285.5,7453.0,1580642.0,0.004736577978565673,0.004715172695651514,8
285.6,7453.0,1580642.0,0.004736577978565673,0.004715172695651514,8
285.7,7453.0,1580642.0,0.004736577978565673,0.004715172695651514,8
285.8,7453.0,1580642.0,0.004736577978565673,0.004715172695651514,8
285.9,7453.0,1580642.0,0.004736577978565673,0.004715172695651514,8
286.0,7453.0,1580642.0,0.004736577978565673,0.004715172695651514,8
286.1,7453.0,1580642.0,0.004736577978565673,0.004715172695651514,8
286.2,7453.0,1580642.0,0.004736577978565673,0.004715172695651514,8
286.3,7453.0,1580642.0,0.004736577978565673,0.004715172695651514,8
286.4,7453.0,1580642.0,0.004736577978565673,0.004715172695651514,8
286.5,7453.0,1580642.0,0.004736577978565673,0.004715172695651514,8
286.6,7453.0,1580642.0,0.004736577978565673,0.004715172695651514,8
286.7,7453.0,1580642.0,0.004736577978565673,0.004715172695651514,8
286.8,7453.0,1580642.0,0.004736577978565673,0.004715172695651514,8
286.9,7453.0,1580642.0,0.004736577978565673,0.004715172695651514,8
287.0,7453.0,1580642.0,0.004736577978565673,0.004715172695651514,8
287.1,7453.0,1580642.0,0.004736577978565673,0.004715172695651514,8
287.2,7453.0,1580642.0,0.004736577978565673,0.004715172695651514,8
287.3,7453.0,1580642.0,0.004736577978565673,0.004715172695651514,8
287.4,7453.0,1580642.0,0.004736577978565673,0.004715172695651514,8
287.5,7453.0,1580642.0,0.004736577978565673,0.004715172695651514,8
287.6,7453.0,1580642.0,0.004736577978565673,0.004715172695651514,8
287.7,7453.0,1580642.0,0.004736577978565673,0.004715172695651514,8
287.8,7453.0,1580642.0,0.004736577978565673,0.004715172695651514,8
287.9,7453.0,1580642.0,0.004736577978565673,0.004715172695651514,8
288.0,7453.0,1580642.0,0.004736577978565673,0.004715172695651514,8
288.1,7453.0,1580642.0,0.004736577978565673,0.004715172695651514,8
288.2,7453.0,1580642.0,0.004736577978565673,0.004715172695651514,8
288.3,7453.0,1580642.0,0.004736577978565673,0.004715172695651514,8
288.4,7453.0,1580642.0,0.004736577978565673,0.004715172695651514,8
288.5,7453.0,1580642.0,0.004736577978565673,0.004715172695651514,8
288.6,7453.0,1580642.0,0.004736577978565673,0.004715172695651514,8
288.7,7453.0,1580642.0,0.004736577978565673,0.004715172695651514,8
288.8,7453.0,1580642.0,0.004736577978565673,0.004715172695651514,8
288.9,7453.0,1580642.0,0.004736577978565673,0.004715172695651514,8
289.0,7453.0,1580642.0,0.004736577978565673,0.004715172695651514,8
289.1,7453.0,1580642.0,0.004736577978565673,0.004715172695651514,8
289.2,7453.0,1580642.0,0.004736577978565673,0.004715172695651514,8
289.3,7453.0,1580642.0,0.004736577978565673,0.004715172695651514,8
289.4,7453.0,1580642.0,0.004736577978565673,0.004715172695651514,8
289.5,7453.0,1580642.0,0.004736577978565673,0.004715172695651514,8
289.6,7453.0,1580642.0,0.004736577978565673,0.004715172695651514,8
289.7,7453.0,1580642.0,0.004736577978565673,0.004715172695651514,8
289.8,7453.0,1580642.0,0.004736577978565673,0.004715172695651514,8
289.9,7453.0,1580642.0,0.004736577978565673,0.004715172695651514,8
290.0,7453.0,1580642.0,0.004736577978565673,0.004715172695651514,8
290.1,7453.0,1580642.0,0.004736577978565673,0.004715172695651514,8
290.2,7453.0,1580642.0,0.004736577978565673,0.004715172695651514,8
290.3,7453.0,1580642.0,0.004736577978565673,0.004715172695651514,8
290.4,7453.0,1580642.0,0.004736577978565673,0.004715172695651514,8
290.5,7453.0,1580642.0,0.004736577978565673,0.004715172695651514,8
290.6,7453.0,1580642.0,0.004736577978565673,0.004715172695651514,8
290.7,7453.0,1580642.0,0.004736577978565673,0.004715172695651514,8
290.8,7453.0,1580642.0,0.004736577978565673,0.004715172695651514,8
290.9,7453.0,1580642.0,0.004736577978565673,0.004715172695651514,8
291.0,7453.0,1580642.0,0.004736577978565673,0.004715172695651514,8
291.1,7453.0,1580642.0,0.004736577978565673,0.004715172695651514,8
291.2,7453.0,1580642.0,0.004736577978565673,0.004715172695651514,8
291.3,7453.0,1580642.0,0.004736577978565673,0.004715172695651514,8
291.4,7453.0,1580642.0,0.004736577978565673,0.004715172695651514,8
291.5,7453.0,1580642.0,0.004736577978565673,0.004715172695651514,8
291.6,7453.0,1580642.0,0.004736577978565673,0.004715172695651514,8
291.7,7453.0,1580642.0,0.004736577978565673,0.004715172695651514,8
291.8,7453.0,1580642.0,0.004736577978565673,0.004715172695651514,8
291.9,7453.0,1580642.0,0.004736577978565673,0.004715172695651514,8
292.0,7453.0,1580642.0,0.004736577978565673,0.004715172695651514,8
292.1,7453.0,1580642.0,0.004736577978565673,0.004715172695651514,8
292.2,7453.0,1580642.0,0.004736577978565673,0.004715172695651514,8
292.3,7453.0,1580642.0,0.004736577978565673,0.004715172695651514,8
292.4,7453.0,1580642.0,0.004736577978565673,0.004715172695651514,8
292.5,7453.0,1580642.0,0.004736577978565673,0.004715172695651514,8
292.6,7453.0,1580642.0,0.004736577978565673,0.004715172695651514,8
292.7,7453.0,1580642.0,0.004736577978565673,0.004715172695651514,8
292.8,7453.0,1580642.0,0.004736577978565673,0.004715172695651514,8
292.9,7453.0,1580642.0,0.004736577978565673,0.004715172695651514,8
293.0,7453.0,1580642.0,0.004736577978565673,0.004715172695651514,8
293.1,7453.0,1580642.0,0.004736577978565673,0.004715172695651514,8
293.2,7453.0,1580642.0,0.004736577978565673,0.004715172695651514,8
293.3,7453.0,1580642.0,0.004736577978565673,0.004715172695651514,8
293.4,7453.0,1580642.0,0.004736577978565673,0.004715172695651514,8
293.5,7453.0,1580642.0,0.004736577978565673,0.004715172695651514,8
293.6,7453.0,1580642.0,0.004736577978565673,0.004715172695651514,8
293.7,7453.0,1580642.0,0.004736577978565673,0.004715172695651514,8
293.8,7453.0,1580642.0,0.004736577978565673,0.004715172695651514,8
293.9,7453.0,1580642.0,0.004736577978565673,0.004715172695651514,8
294.0,7453.0,1580642.0,0.004736577978565673,0.004715172695651514,8
294.1,7453.0,1580642.0,0.004736577978565673,0.004715172695651514,8
294.2,7453.0,1580642.0,0.004736577978565673,0.004715172695651514,8
294.3,7453.0,1580642.0,0.004736577978565673,0.004715172695651514,8
294.4,7453.0,1580642.0,0.004736577978565673,0.004715172695651514,8
294.5,7453.0,1580642.0,0.004736577978565673,0.004715172695651514,8
294.6,7453.0,1580642.0,0.004736577978565673,0.004715172695651514,8
294.7,7453.0,1580642.0,0.004736577978565673,0.004715172695651514,8
294.8,7453.0,1580642.0,0.004736577978565673,0.004715172695651514,8
294.9,7453.0,1580642.0,0.004736577978565673,0.004715172695651514,8
295.0,7453.0,1580642.0,0.004736577978565673,0.004715172695651514,8
295.1,7453.0,1580642.0,0.004736577978565673,0.004715172695651514,8
295.2,7453.0,1580642.0,0.004736577978565673,0.004715172695651514,8
295.3,7453.0,1580642.0,0.004736577978565673,0.004715172695651514,8
295.4,7453.0,1580642.0,0.004736577978565673,0.004715172695651514,8
295.5,7453.0,1580642.0,0.004736577978565673,0.004715172695651514,8
295.6,7453.0,1580642.0,0.004736577978565673,0.004715172695651514,8
295.7,7453.0,1580642.0,0.004736577978565673,0.004715172695651514,8
295.8,7453.0,1580642.0,0.004736577978565673,0.004715172695651514,8
295.9,7453.0,1580642.0,0.004736577978565673,0.004715172695651514,8
296.0,7453.0,1580642.0,0.004736577978565673,0.004715172695651514,8
296.1,7453.0,1580642.0,0.004736577978565673,0.004715172695651514,8
296.2,7453.0,1580642.0,0.004736577978565673,0.004715172695651514,8
296.3,7453.0,1580642.0,0.004736577978565673,0.004715172695651514,8
296.4,7453.0,1580642.0,0.004736577978565673,0.004715172695651514,8
296.5,7453.0,1580642.0,0.004736577978565673,0.004715172695651514,8
296.6,7453.0,1580642.0,0.004736577978565673,0.004715172695651514,8
296.7,7453.0,1580642.0,0.004736577978565673,0.004715172695651514,8
296.8,7453.0,1580642.0,0.004736577978565673,0.004715172695651514,8
296.9,7453.0,1580642.0,0.004736577978565673,0.004715172695651514,8
297.0,7453.0,1580642.0,0.004736577978565673,0.004715172695651514,8
297.1,7453.0,1580642.0,0.004736577978565673,0.004715172695651514,8
297.2,7453.0,1580642.0,0.004736577978565673,0.004715172695651514,8
297.3,7453.0,1580642.0,0.004736577978565673,0.004715172695651514,8
297.4,7453.0,1580642.0,0.004736577978565673,0.004715172695651514,8
297.5,7453.0,1580642.0,0.004736577978565673,0.004715172695651514,8
297.6,7453.0,1580642.0,0.004736577978565673,0.004715172695651514,8
297.7,7453.0,1580642.0,0.004736577978565673,0.004715172695651514,8
297.8,7453.0,1580642.0,0.004736577978565673,0.004715172695651514,8
297.9,7453.0,1580642.0,0.004736577978565673,0.004715172695651514,8
298.0,7453.0,1580642.0,0.004736577978565673,0.004715172695651514,8
298.1,7453.0,1580642.0,0.004736577978565673,0.004715172695651514,8
298.2,7453.0,1580642.0,0.004736577978565673,0.004715172695651514,8
298.3,7453.0,1580642.0,0.004736577978565673,0.004715172695651514,8
298.4,7453.0,1580642.0,0.004736577978565673,0.004715172695651514,8
298.5,7453.0,1580642.0,0.004736577978565673,0.004715172695651514,8
298.6,7453.0,1580642.0,0.004736577978565673,0.004715172695651514,8
298.7,7453.0,1580642.0,0.004736577978565673,0.004715172695651514,8
298.8,7453.0,1580642.0,0.004736577978565673,0.004715172695651514,8
298.9,7453.0,1580642.0,0.004736577978565673,0.004715172695651514,8
299.0,7453.0,1580642.0,0.004736577978565673,0.004715172695651514,8
