monotonic_s,num_running_reqs_sum,num_queue_reqs_sum,num_used_tokens_sum,max_total_num_tokens_sum,token_usage_mean,pending_prealloc_token_usage_mean,num_servers_sampled
202.7,0.0,996.0,67760.0,1580642.0,0.04288917438742007,0.0,8
202.8,0.0,996.0,67760.0,1580642.0,0.04288917438742007,0.0,8
202.9,0.0,996.0,67760.0,1580642.0,0.04288917438742007,0.0,8
203.0,0.0,996.0,67760.0,1580642.0,0.04288917438742007,0.0,8
203.1,0.0,996.0,67760.0,1580642.0,0.04288917438742007,0.0,8
203.2,8.0,874.0,35287.0,1580642.0,0.02232523586873987,0.0,8
203.3,8.0,874.0,35287.0,1580642.0,0.02232523586873987,0.0,8
203.4,240.0,1995.0,34093.0,1580642.0,0.02156906988113334,0.0,8
203.5,240.0,1995.0,34093.0,1580642.0,0.02156906988113334,0.0,8
203.6,240.0,1995.0,34093.0,1580642.0,0.02156906988113334,0.0,8
203.7,240.0,1995.0,34093.0,1580642.0,0.02156906988113334,0.0,8
203.8,240.0,1995.0,34093.0,1580642.0,0.02156906988113334,0.0,8
203.9,240.0,1995.0,34093.0,1580642.0,0.02156906988113334,0.0,8
204.0,280.0,1995.0,36893.0,1580642.0,0.02335559539526986,0.0,8
204.1,565.0,1995.0,56693.0,1580642.0,0.035866734717634685,0.0,8
204.2,565.0,1995.0,56693.0,1580642.0,0.035866734717634685,0.0,8
204.3,565.0,1995.0,56693.0,1580642.0,0.035866734717634685,0.0,8
204.4,565.0,1995.0,56693.0,1580642.0,0.035866734717634685,0.0,8
204.5,565.0,1995.0,56693.0,1580642.0,0.035866734717634685,0.0,8
204.6,565.0,1995.0,56693.0,1580642.0,0.035866734717634685,0.0,8
204.7,565.0,1995.0,56693.0,1580642.0,0.035866734717634685,0.0,8
204.8,565.0,1995.0,79293.0,1580642.0,0.05016439955413603,0.0,8
204.9,565.0,1995.0,79293.0,1580642.0,0.05016439955413603,0.0,8
205.0,565.0,1995.0,79293.0,1580642.0,0.05016439955413603,0.0,8
205.1,565.0,1995.0,79293.0,1580642.0,0.05016439955413603,0.0,8
205.2,565.0,1995.0,79293.0,1580642.0,0.05016439955413603,0.0,8
205.3,565.0,1995.0,79293.0,1580642.0,0.05016439955413603,0.0,8
205.4,565.0,1995.0,79293.0,1580642.0,0.05016439955413603,0.0,8
205.5,565.0,1995.0,101018.0,1580642.0,0.0639037751674697,0.0,8
205.6,560.0,1885.0,107836.0,1580642.0,0.06825396479439214,0.0,8
205.7,599.0,1797.0,114258.0,1580642.0,0.07228337066713762,0.0,8
205.8,620.0,1787.0,115135.0,1580642.0,0.07284293597995825,0.0,8
205.9,620.0,1787.0,115135.0,1580642.0,0.07284293597995825,0.0,8
206.0,620.0,1787.0,115135.0,1580642.0,0.07284293597995825,0.0,8
206.1,683.0,1757.0,123131.0,1580642.0,0.07794474241247096,0.0,8
206.2,754.0,1728.0,134521.0,1580642.0,0.08510873557341195,0.0,8
206.3,754.0,1728.0,134521.0,1580642.0,0.08510873557341195,0.0,8
206.4,812.0,1718.0,142661.0,1580642.0,0.0903024204609374,0.0,8
206.5,827.0,1706.0,146531.0,1580642.0,0.0927139592531537,0.0,8
206.6,831.0,1696.0,148795.0,1580642.0,0.09415849274029837,0.0,8
206.7,846.0,1673.0,155287.0,1580642.0,0.09824253719065132,0.0,8
206.8,846.0,1673.0,155287.0,1580642.0,0.09824253719065132,0.0,8
206.9,852.0,1670.0,156521.0,1580642.0,0.09902988450652435,0.0,8
207.0,899.0,1640.0,166889.0,1580642.0,0.10559191735005947,0.0,8
207.1,906.0,1635.0,167370.0,1580642.0,0.1058881085823897,0.0,8
207.2,908.0,1633.0,169135.0,1580642.0,0.10701425770112219,0.0,8
207.3,913.0,1633.0,171771.0,1580642.0,0.10869614386371643,0.0,8
207.4,927.0,1633.0,181879.0,1580642.0,0.11506602318036195,0.0,8
207.5,927.0,1633.0,181879.0,1580642.0,0.11506602318036195,0.0,8
207.6,927.0,1633.0,181879.0,1580642.0,0.11506602318036195,0.0,8
207.7,927.0,1633.0,181879.0,1580642.0,0.11506602318036195,0.0,8
207.8,924.0,1623.0,188638.0,1580642.0,0.11937856816252221,0.0,8
207.9,922.0,1615.0,193237.0,1580642.0,0.12231293631949144,0.0,8
208.0,925.0,1612.0,194271.0,1580642.0,0.122972674670069,0.0,8
208.1,930.0,1596.0,204436.0,1580642.0,0.1294584003312111,0.0,8
208.2,938.0,1590.0,207406.0,1580642.0,0.13135339346584873,0.0,8
208.3,964.0,1582.0,213688.0,1580642.0,0.13536159106577933,0.0,8
208.4,967.0,1576.0,219652.0,1580642.0,0.13895883123887712,0.0,8
208.5,967.0,1561.0,223862.0,1580642.0,0.14164499995834665,0.0,8
208.6,970.0,1555.0,226111.0,1580642.0,0.14307996277309418,0.0,8
208.7,988.0,1543.0,230794.0,1580642.0,0.14602098105452255,0.0,8
208.8,991.0,1541.0,231937.0,1580642.0,0.14675026629118612,0.0,8
208.9,999.0,1534.0,234694.0,1580642.0,0.14848024388013456,0.0,8
209.0,1009.0,1520.0,242292.0,1580642.0,0.1533281084717093,0.0,8
209.1,1022.0,1509.0,245988.0,1580642.0,0.1556418194742423,0.0,8
209.2,1043.0,1497.0,247388.0,1580642.0,0.15653508223131055,0.0,8
209.3,1051.0,1493.0,248916.0,1580642.0,0.15749421688688392,0.0,8
209.4,1064.0,1488.0,252940.0,1580642.0,0.16004591142934474,0.0,8
209.5,1061.0,1485.0,254055.0,1580642.0,0.16075733141086698,0.0,8
209.6,1063.0,1484.0,254839.0,1580642.0,0.16122563714761226,0.0,8
209.7,1065.0,1472.0,259293.0,1580642.0,0.16406748880474228,0.0,8
209.8,1075.0,1460.0,264068.0,1580642.0,0.16711415285117148,0.0,8
209.9,1076.0,1458.0,265339.0,1580642.0,0.167873357687145,0.0,8
210.0,1090.0,1442.0,267755.0,1580642.0,0.16940453210343454,0.0,8
210.1,1105.0,1435.0,270468.0,1580642.0,0.17113554771766754,0.0,8
210.2,1115.0,1427.0,272917.0,1580642.0,0.17268048943479827,0.0,8
210.3,1120.0,1424.0,273444.0,1580642.0,0.1730093287316774,0.0,8
210.4,1125.0,1416.0,275099.0,1580642.0,0.17405739399985537,0.0,8
210.5,1130.0,1411.0,275749.0,1580642.0,0.17447212313706564,0.0,8
210.6,1138.0,1407.0,279100.0,1580642.0,0.17659942158922456,0.0,8
210.7,1148.0,1397.0,281186.0,1580642.0,0.17792989450428873,0.0,8
210.8,1157.0,1385.0,283663.0,1580642.0,0.17949978607459022,0.0,8
210.9,1164.0,1377.0,285846.0,1580642.0,0.18089263793079025,0.0,8
211.0,1168.0,1374.0,287678.0,1580642.0,0.18203539632913301,0.0,8
211.1,1177.0,1366.0,289942.0,1580642.0,0.1834799298162777,0.0,8
211.2,1189.0,1354.0,292775.0,1580642.0,0.18524785334715557,0.0,8
211.3,1198.0,1344.0,291975.0,1580642.0,0.1847374174859737,0.0,8
211.4,1202.0,1339.0,293573.0,1580642.0,0.1857295704803407,0.0,8
211.5,1209.0,1330.0,295090.0,1580642.0,0.18670334759771734,0.0,8
211.6,1221.0,1321.0,296701.0,1580642.0,0.18772272815232088,0.0,8
211.7,1230.0,1313.0,297544.0,1580642.0,0.18826059994104127,0.0,8
211.8,1235.0,1309.0,298312.0,1580642.0,0.18872985316665522,0.0,8
211.9,1246.0,1299.0,301480.0,1580642.0,0.19074291381256775,0.0,8
212.0,1258.0,1292.0,303936.0,1580642.0,0.19230995190639608,0.0,8
212.1,1270.0,1286.0,307366.0,1580642.0,0.19448350285962257,0.0,8
212.2,1267.0,1281.0,307090.0,1580642.0,0.19429669415830944,0.0,8
212.3,1266.0,1273.0,308288.0,1580642.0,0.19505276577998104,0.0,8
212.4,1280.0,1262.0,306908.0,1580642.0,0.19414473984893724,0.0,8
212.5,1293.0,1245.0,308228.0,1580642.0,0.19496362870568706,0.0,8
212.6,1306.0,1233.0,309158.0,1580642.0,0.19555701039431095,0.0,8
212.7,1314.0,1228.0,310166.0,1580642.0,0.1962001595794001,0.0,8
212.8,1326.0,1217.0,310035.0,1580642.0,0.1960972355688329,0.0,8
212.9,1330.0,1207.0,311476.0,1580642.0,0.19702178838994597,0.0,8
213.0,1341.0,1198.0,310965.0,1580642.0,0.19669021009665055,0.0,8
213.1,1347.0,1195.0,308586.0,1580642.0,0.1952040599973514,0.0,8
213.2,1358.0,1181.0,309015.0,1580642.0,0.19548454009729457,0.0,8
213.3,1371.0,1168.0,308806.0,1580642.0,0.19533742669330828,0.0,8
213.4,1388.0,1154.0,309174.0,1580642.0,0.19557222718945194,0.0,8
213.5,1403.0,1144.0,310667.0,1580642.0,0.19649575683381368,0.0,8
213.6,1410.0,1135.0,312218.0,1580642.0,0.19748536435967998,0.0,8
213.7,1413.0,1124.0,313888.0,1580642.0,0.1985508992198971,0.0,8
213.8,1422.0,1117.0,316908.0,1580642.0,0.20044978193238608,0.0,8
213.9,1432.0,1109.0,319075.0,1580642.0,0.20180213230737465,0.0,8
214.0,1438.0,1102.0,320829.0,1580642.0,0.20292126293301588,0.0,8
214.1,1445.0,1093.0,322417.0,1580642.0,0.20392649776565866,0.0,8
214.2,1450.0,1085.0,326161.0,1580642.0,0.20631533759598975,0.0,8
214.3,1466.0,1068.0,329093.0,1580642.0,0.20816764064269647,0.0,8
214.4,1482.0,1056.0,330567.0,1580642.0,0.20910811871692406,0.0,8
214.5,1495.0,1045.0,331940.0,1580642.0,0.20999425185167336,0.0,8
214.6,1504.0,1034.0,332672.0,1580642.0,0.21044611356658022,0.0,8
214.7,1518.0,1021.0,333924.0,1580642.0,0.2112665659281437,0.0,8
214.8,1529.0,1010.0,334916.0,1580642.0,0.21188114344364564,0.0,8
214.9,1536.0,1002.0,337179.0,1580642.0,0.2133272375543178,0.0,8
215.0,1546.0,991.0,339603.0,1580642.0,0.21485997403020443,0.0,8
215.1,1556.0,985.0,343766.0,1580642.0,0.21751615464282956,0.0,8
215.2,1569.0,970.0,347005.0,1580642.0,0.21956356384573283,0.0,8
215.3,1571.0,968.0,347365.0,1580642.0,0.21979325998326468,0.0,8
215.4,1573.0,965.0,348480.0,1580642.0,0.22047117063042942,0.0,8
215.5,1588.0,947.0,355043.0,1580642.0,0.22465865882660013,0.0,8
215.6,1604.0,934.0,357677.0,1580642.0,0.2263023394144111,0.0,8
215.7,1613.0,924.0,360049.0,1580642.0,0.2278165553483473,0.0,8
215.8,1630.0,903.0,363890.0,1580642.0,0.23024045362971238,0.0,8
215.9,1641.0,893.0,365257.0,1580642.0,0.23111266090750693,0.0,8
216.0,1656.0,877.0,367931.0,1580642.0,0.23281443615288,0.0,8
216.1,1667.0,865.0,370954.0,1580642.0,0.23474324566332097,0.0,8
216.2,1675.0,857.0,371706.0,1580642.0,0.2351940248073436,0.0,8
216.3,1687.0,848.0,374184.0,1580642.0,0.2367559226133783,0.0,8
216.4,1694.0,841.0,376391.0,1580642.0,0.23816408754541377,0.0,8
216.5,1703.0,830.0,377704.0,1580642.0,0.23898986987487364,0.0,8
216.6,1722.0,808.0,385976.0,1580642.0,0.24426777667949406,0.0,8
216.7,1726.0,808.0,386844.0,1580642.0,0.2448215995888764,0.0,8
216.8,1748.0,800.0,391906.0,1580642.0,0.24802121188475873,0.0,8
216.9,1749.0,791.0,392810.0,1580642.0,0.2485980044078942,0.0,8
217.0,1753.0,781.0,394484.0,1580642.0,0.24966609144741728,0.0,8
217.1,1753.0,774.0,396694.0,1580642.0,0.2510761705139322,0.0,8
217.2,1778.0,748.0,401634.0,1580642.0,0.2541583245945325,0.0,8
217.3,1794.0,736.0,405563.0,1580642.0,0.2566439082075931,0.0,8
217.4,1804.0,721.0,409207.0,1580642.0,0.25894781190943006,0.0,8
217.5,1827.0,702.0,420184.0,1580642.0,0.2659516299696718,0.0,8
217.6,1833.0,699.0,424463.0,1580642.0,0.268580400025322,0.0,8
217.7,1840.0,698.0,424573.0,1580642.0,0.2686505849562345,0.0,8
217.8,1851.0,688.0,437076.0,1580642.0,0.2765710976248809,0.0,8
217.9,1859.0,678.0,447319.0,1580642.0,0.28299388867130776,0.0,8
218.0,1866.0,673.0,455188.0,1580642.0,0.2880146634108579,0.0,8
218.1,1871.0,670.0,460887.0,1580642.0,0.2915922904369274,0.0,8
218.2,1877.0,664.0,471559.0,1580642.0,0.2983573278776112,0.0,8
218.3,1884.0,658.0,482395.0,1580642.0,0.3052711816173196,0.0,8
218.4,1886.0,655.0,486252.0,1580642.0,0.3077321205130426,0.0,8
218.5,1891.0,653.0,492188.0,1580642.0,0.31151955460301206,0.0,8
218.6,1894.0,651.0,498824.0,1580642.0,0.3156459260382525,0.0,8
218.7,1898.0,644.0,511939.0,1580642.0,0.32393346967826087,0.0,8
218.8,1904.0,644.0,519182.0,1580642.0,0.3285548283564361,0.0,8
218.9,1908.0,641.0,526546.0,1580642.0,0.33319484073467104,0.0,8
219.0,1909.0,637.0,538405.0,1580642.0,0.34069240057519995,0.0,8
219.1,1916.0,630.0,547119.0,1580642.0,0.34625232319312343,0.0,8
219.2,1917.0,630.0,547659.0,1580642.0,0.3465968673994212,0.0,8
219.3,1920.0,629.0,551769.0,1580642.0,0.34921923163624297,0.0,8
219.4,1923.0,624.0,561980.0,1580642.0,0.355734307359403,0.0,8
219.5,1924.0,622.0,566113.0,1580642.0,0.35837134662723374,0.0,8
219.6,1926.0,618.0,571690.0,1580642.0,0.3618548457522215,0.0,8
219.7,1930.0,614.0,583040.0,1580642.0,0.3689818351853661,0.0,8
219.8,1931.0,612.0,588282.0,1580642.0,0.37232646616576026,0.0,8
219.9,1935.0,609.0,594832.0,1580642.0,0.37650565977918676,0.0,8
220.0,1941.0,604.0,603617.0,1580642.0,0.3819858037800985,0.0,8
220.1,1944.0,602.0,611034.0,1580642.0,0.38670812538616556,0.0,8
220.2,1949.0,597.0,616285.0,1580642.0,0.39000088551590834,0.0,8
220.3,1947.0,596.0,622889.0,1580642.0,0.3941671807481934,0.0,8
220.4,1950.0,591.0,631008.0,1580642.0,0.39934746669436283,0.0,8
220.5,1951.0,589.0,633954.0,1580642.0,0.4011760480719759,0.0,8
220.6,1952.0,583.0,645494.0,1580642.0,0.4084528487107526,0.0,8
220.7,1952.0,579.0,651767.0,1580642.0,0.4124553039072449,0.0,8
220.8,1953.0,580.0,653206.0,1580642.0,0.4133429540681548,0.0,8
220.9,1958.0,575.0,659606.0,1580642.0,0.4174126789223571,0.0,8
221.0,1962.0,567.0,668113.0,1580642.0,0.4228292886229463,0.0,8
221.1,1966.0,563.0,673055.0,1580642.0,0.4258954958910936,0.0,8
221.2,1965.0,560.0,680563.0,1580642.0,0.4306859364482854,0.0,8
221.3,1967.0,560.0,686797.0,1580642.0,0.43466350789654506,0.0,8
221.4,1973.0,557.0,690281.0,1580642.0,0.43688645607199206,0.0,8
221.5,1977.0,551.0,699047.0,1580642.0,0.44239849130436043,0.0,8
221.6,1976.0,547.0,708351.0,1580642.0,0.4482466693392636,0.0,8
221.7,1976.0,542.0,712161.0,1580642.0,0.4506776201281422,0.0,8
221.8,1982.0,540.0,718989.0,1580642.0,0.45494856428576713,0.0,8
221.9,1984.0,538.0,722618.0,1580642.0,0.4572640289610534,0.0,8
222.0,1982.0,535.0,732145.0,1580642.0,0.4632968357161149,0.0,8
222.1,1983.0,533.0,738649.0,1580642.0,0.4674466792675234,0.0,8
222.2,1991.0,528.0,744260.0,1580642.0,0.4710278481230647,0.0,8
222.3,1989.0,525.0,752160.0,1580642.0,0.47597837899796547,0.0,8
222.4,1992.0,521.0,759921.0,1580642.0,0.480930244896256,0.0,8
222.5,1994.0,520.0,765027.0,1580642.0,0.4841667258379191,0.0,8
222.6,1997.0,516.0,770411.0,1580642.0,0.48760195918367305,0.0,8
222.7,1999.0,517.0,774305.0,1580642.0,0.4900865057379758,0.0,8
222.8,1997.0,513.0,783980.0,1580642.0,0.4962042562805694,0.0,8
222.9,2003.0,508.0,793370.0,1580642.0,0.5021237961832044,0.0,8
223.0,2004.0,506.0,798397.0,1580642.0,0.505250955414906,0.0,8
223.1,2007.0,505.0,799472.0,1580642.0,0.5059823741815119,0.0,8
223.2,2007.0,503.0,805083.0,1580642.0,0.5095624437028763,0.0,8
223.3,2010.0,499.0,814204.0,1580642.0,0.5153541600499453,0.0,8
223.4,2013.0,495.0,824537.0,1580642.0,0.5218665001183712,0.0,8
223.5,2016.0,491.0,829349.0,1580642.0,0.5249367718233802,0.0,8
223.6,2015.0,493.0,833417.0,1580642.0,0.5275323381774898,0.0,8
223.7,2016.0,491.0,840275.0,1580642.0,0.5318407052001114,0.0,8
223.8,2019.0,487.0,850794.0,1580642.0,0.5385522987298266,0.0,8
223.9,2021.0,485.0,853072.0,1580642.0,0.5399244955476068,0.0,8
224.0,2019.0,485.0,863719.0,1580642.0,0.546717758815111,0.0,8
224.1,2022.0,485.0,867298.0,1580642.0,0.5490030313244597,0.0,8
224.2,2023.0,480.0,874169.0,1580642.0,0.553337730153544,0.0,8
224.3,2025.0,478.0,879740.0,1580642.0,0.5568440700423848,0.0,8
224.4,2026.0,476.0,886344.0,1580642.0,0.561057718076441,0.0,8
224.5,2032.0,475.0,895357.0,1580642.0,0.5668084160974812,0.0,8
224.6,2034.0,472.0,901575.0,1580642.0,0.5707757788285173,0.0,8
224.7,2034.0,472.0,905107.0,1580642.0,0.5730293531556352,0.0,8
224.8,2033.0,471.0,906887.0,1580642.0,0.5741650729467648,0.0,8
224.9,2028.0,470.0,917092.0,1580642.0,0.580676320400966,0.0,8
225.0,2029.0,468.0,926655.0,1580642.0,0.5865827909021148,0.0,8
225.1,2031.0,469.0,929127.0,1580642.0,0.5881600377131668,0.0,8
225.2,2033.0,465.0,936924.0,1580642.0,0.5931348732252106,0.0,8
225.3,2036.0,465.0,943494.0,1580642.0,0.5972923412148742,0.0,8
225.4,2040.0,464.0,949978.0,1580642.0,0.6013045883665453,0.0,8
225.5,2039.0,465.0,952063.0,1580642.0,0.6026349118297505,0.0,8
225.6,2035.0,470.0,957549.0,1580642.0,0.6060577430463686,0.0,8
225.7,2028.0,475.0,962861.0,1580642.0,0.6094470371646161,0.0,8
225.8,2027.0,476.0,968669.0,1580642.0,0.613060620310253,0.0,8
225.9,2026.0,475.0,968447.0,1580642.0,0.6129873366581509,0.0,8
226.0,2024.0,482.0,968947.0,1580642.0,0.6133063590713894,0.0,8
226.1,2013.0,489.0,972109.0,1580642.0,0.6152440125785978,0.0,8
226.2,2011.0,489.0,977895.0,1580642.0,0.6188210427454643,0.0,8
226.3,2004.0,493.0,986851.0,1580642.0,0.6245353722113953,0.0,8
226.4,2003.0,496.0,987550.0,1580642.0,0.624981365545103,0.0,8
226.5,2001.0,500.0,990202.0,1580642.0,0.6265981763918383,0.0,8
226.6,1999.0,500.0,991476.0,1580642.0,0.6274239117822491,0.0,8
226.7,1995.0,501.0,992961.0,1580642.0,0.6283050818542236,0.0,8
226.8,1984.0,511.0,1000549.0,1580642.0,0.633080605946915,0.0,8
226.9,1983.0,511.0,1004312.0,1580642.0,0.6354140206511862,0.0,8
227.0,1977.0,522.0,1004217.0,1580642.0,0.6353534063926708,0.0,8
227.1,1974.0,521.0,1008005.0,1580642.0,0.637770320195367,0.0,8
227.2,1968.0,525.0,1010225.0,1580642.0,0.63917016754925,0.0,8
227.3,1961.0,533.0,1011486.0,1580642.0,0.6399747420754379,0.0,8
227.4,1954.0,538.0,1011865.0,1580642.0,0.6402454694819192,0.0,8
227.5,1949.0,541.0,1013392.0,1580642.0,0.6411691131276479,0.0,8
227.6,1941.0,544.0,1014531.0,1580642.0,0.6418958461850055,0.0,8
227.7,1940.0,545.0,1015761.0,1580642.0,0.6426806413215727,0.0,8
227.8,1937.0,550.0,1015802.0,1580642.0,0.6426686094758285,0.0,8
227.9,1932.0,551.0,1018890.0,1580642.0,0.6445978093746362,0.0,8
228.0,1923.0,557.0,1021123.0,1580642.0,0.6460225634721599,0.0,8
228.1,1921.0,557.0,1022501.0,1580642.0,0.6469017892430458,0.0,8
228.2,1917.0,561.0,1021970.0,1580642.0,0.6465629874401863,0.0,8
228.3,1908.0,568.0,1024273.0,1580642.0,0.6480396928539961,0.0,8
228.4,1905.0,570.0,1025944.0,1580642.0,0.6490943838243024,0.0,8
228.5,1898.0,575.0,1024669.0,1580642.0,0.648289630627879,0.0,8
228.6,1887.0,579.0,1027455.0,1580642.0,0.6500644548209621,0.0,8
228.7,1886.0,580.0,1029490.0,1580642.0,0.6513063214068502,0.0,8
228.8,1877.0,584.0,1031495.0,1580642.0,0.6525856012839372,0.0,8
228.9,1874.0,582.0,1034939.0,1580642.0,0.6547830276663251,0.0,8
229.0,1873.0,584.0,1035359.0,1580642.0,0.6550503143200749,0.0,8
229.1,1869.0,587.0,1035557.0,1580642.0,0.6551062083762296,0.0,8
229.2,1864.0,586.0,1037666.0,1580642.0,0.6564518449152702,0.0,8
229.3,1855.0,594.0,1038847.0,1580642.0,0.65720537585534,0.0,8
229.4,1845.0,606.0,1038720.0,1580642.0,0.6571448650670144,0.0,8
229.5,1837.0,606.0,1044685.0,1580642.0,0.6609559326831108,0.0,8
229.6,1833.0,609.0,1047353.0,1580642.0,0.6626353945589196,0.0,8
229.7,1830.0,613.0,1048785.0,1580642.0,0.6635501333685315,0.0,8
229.8,1827.0,614.0,1051836.0,1580642.0,0.6655026712497244,0.0,8
229.9,1818.0,625.0,1053307.0,1580642.0,0.666376252324789,0.0,8
230.0,1816.0,623.0,1054234.0,1580642.0,0.6669677198789334,0.0,8
230.1,1805.0,630.0,1059305.0,1580642.0,0.6702032451939999,0.0,8
230.2,1805.0,631.0,1059839.0,1580642.0,0.6705439611313389,0.0,8
230.3,1803.0,635.0,1061019.0,1580642.0,0.671296854026582,0.0,8
230.4,1795.0,643.0,1059289.0,1580642.0,0.6701930364767763,0.0,8
230.5,1783.0,649.0,1064435.0,1580642.0,0.6734190869123033,0.0,8
230.6,1782.0,650.0,1066835.0,1580642.0,0.674950394495849,0.0,8
230.7,1774.0,658.0,1068255.0,1580642.0,0.6758968492175111,0.0,8
230.8,1770.0,665.0,1068847.0,1580642.0,0.6762288475962396,0.0,8
230.9,1765.0,664.0,1070505.0,1580642.0,0.677286725918539,0.0,8
231.0,1754.0,671.0,1072818.0,1580642.0,0.6787431427478018,0.0,8
231.1,1745.0,676.0,1076963.0,1580642.0,0.6814012341440773,0.0,8
231.2,1744.0,679.0,1076693.0,1580642.0,0.6811837264753499,0.0,8
231.3,1736.0,686.0,1077948.0,1580642.0,0.6819844727325788,0.0,8
231.4,1728.0,692.0,1083469.0,1580642.0,0.6854672571766247,0.0,8
231.5,1724.0,696.0,1085080.0,1580642.0,0.6864951473920796,0.0,8
231.6,1718.0,703.0,1086535.0,1580642.0,0.6874235026146042,0.0,8
231.7,1713.0,706.0,1088246.0,1580642.0,0.6885151973127067,0.0,8
231.8,1709.0,708.0,1086582.0,1580642.0,0.6874534907214483,0.0,8
231.9,1704.0,709.0,1087866.0,1580642.0,0.6882727402786454,0.0,8
232.0,1698.0,711.0,1092575.0,1580642.0,0.6912246067581935,0.0,8
232.1,1697.0,711.0,1091724.0,1580642.0,0.6906816306108614,0.0,8
232.2,1689.0,715.0,1089987.0,1580642.0,0.6896481014713046,0.0,8
232.3,1684.0,715.0,1092739.0,1580642.0,0.69139492114779,0.0,8
232.4,1681.0,714.0,1093085.0,1580642.0,0.6915686983007057,0.0,8
232.5,1672.0,716.0,1092538.0,1580642.0,0.6912196877806225,0.0,8
232.6,1663.0,723.0,1090403.0,1580642.0,0.6898868590863072,0.0,8
232.7,1658.0,722.0,1092895.0,1580642.0,0.691433422735858,0.0,8
232.8,1652.0,723.0,1093415.0,1580642.0,0.6917652060456262,0.0,8
232.9,1649.0,721.0,1099307.0,1580642.0,0.6955245661632306,0.0,8
233.0,1647.0,723.0,1097833.0,1580642.0,0.6945846581141317,0.0,8
233.1,1644.0,724.0,1098386.0,1580642.0,0.6948662437620734,0.0,8
233.2,1642.0,723.0,1098078.0,1580642.0,0.6946697259555185,0.0,8
233.3,1637.0,723.0,1097441.0,1580642.0,0.6942632914010523,0.0,8
233.4,1635.0,721.0,1099068.0,1580642.0,0.695413033826815,0.0,8
233.5,1631.0,721.0,1103344.0,1580642.0,0.698102592512154,0.0,8
233.6,1630.0,724.0,1103963.0,1580642.0,0.6984975422597435,0.0,8
233.7,1628.0,729.0,1105654.0,1580642.0,0.6995764760613167,0.0,8
233.8,1621.0,729.0,1104610.0,1580642.0,0.6989510733431031,0.0,8
233.9,1618.0,727.0,1108390.0,1580642.0,0.7013088525481932,0.0,8
234.0,1615.0,729.0,1111041.0,1580642.0,0.7029483149482216,0.0,8
234.1,1613.0,732.0,1113252.0,1580642.0,0.7043338288056538,0.0,8
234.2,1609.0,735.0,1112445.0,1580642.0,0.703777518376687,0.0,8
234.3,1605.0,733.0,1113572.0,1580642.0,0.704496594896127,0.0,8
234.4,1600.0,734.0,1117836.0,1580642.0,0.7071928291039298,0.0,8
234.5,1599.0,733.0,1119702.0,1580642.0,0.7083834207501365,0.0,8
234.6,1597.0,732.0,1120269.0,1580642.0,0.7087451921667491,0.0,8
234.7,1595.0,735.0,1118833.0,1580642.0,0.7078289597959276,0.0,8
234.8,1590.0,738.0,1117122.0,1580642.0,0.706737265097825,0.0,8
234.9,1576.0,745.0,1119048.0,1580642.0,0.7079597470089616,0.0,8
235.0,1574.0,747.0,1116945.0,1580642.0,0.7066179387388798,0.0,8
235.1,1567.0,748.0,1117894.0,1580642.0,0.7071893232036399,0.0,8
235.2,1564.0,746.0,1115449.0,1580642.0,0.7055856152483881,0.0,8
235.3,1558.0,749.0,1114014.0,1580642.0,0.7046700209223931,0.0,8
235.4,1555.0,749.0,1115858.0,1580642.0,0.7059130649420841,0.0,8
235.5,1550.0,749.0,1118593.0,1580642.0,0.7076722867385584,0.0,8
235.6,1550.0,749.0,1122594.0,1580642.0,0.710185650207165,0.0,8
235.7,1548.0,749.0,1120939.0,1580642.0,0.709129686019345,0.0,8
235.8,1548.0,748.0,1124389.0,1580642.0,0.7113309406706918,0.0,8
235.9,1545.0,750.0,1124697.0,1580642.0,0.7115274584772466,0.0,8
236.0,1543.0,753.0,1120325.0,1580642.0,0.7086944010056957,0.0,8
236.1,1537.0,753.0,1120409.0,1580642.0,0.7087479967711199,0.0,8
236.2,1533.0,754.0,1124191.0,1580642.0,0.7111779387622373,0.0,8
236.3,1529.0,755.0,1123938.0,1580642.0,0.711019974287992,0.0,8
236.4,1525.0,758.0,1122788.0,1580642.0,0.7103079244085183,0.0,8
236.5,1521.0,761.0,1123931.0,1580642.0,0.7110220632631881,0.0,8
236.6,1517.0,760.0,1128001.0,1580642.0,0.7136189057069506,0.0,8
236.7,1514.0,761.0,1133645.0,1580642.0,0.7171589158705649,0.0,8
236.8,1513.0,760.0,1133669.0,1580642.0,0.7171742289464004,0.0,8
236.9,1508.0,765.0,1130571.0,1580642.0,0.7153232566148746,0.0,8
237.0,1503.0,767.0,1128171.0,1580642.0,0.7138014765941962,0.0,8
237.1,1501.0,765.0,1128643.0,1580642.0,0.7141026337522934,0.0,8
237.2,1491.0,766.0,1130999.0,1580642.0,0.7155362428655989,0.0,8
237.3,1491.0,766.0,1131650.0,1580642.0,0.7160474149853551,0.0,8
237.4,1488.0,763.0,1133981.0,1580642.0,0.7175346974758737,0.0,8
237.5,1486.0,761.0,1137988.0,1580642.0,0.7199747322406476,0.0,8
237.6,1486.0,762.0,1141172.0,1580642.0,0.7220062669681513,0.0,8
237.7,1479.0,767.0,1139926.0,1580642.0,0.7212112631143606,0.0,8
237.8,1477.0,766.0,1145353.0,1580642.0,0.7246403823372152,0.0,8
237.9,1477.0,770.0,1143603.0,1580642.0,0.7234743338529157,0.0,8
238.0,1469.0,770.0,1144291.0,1580642.0,0.7239133086935322,0.0,8
238.1,1466.0,777.0,1137295.0,1580642.0,0.7194705565851012,0.0,8
238.2,1458.0,776.0,1135160.0,1580642.0,0.7181627275642922,0.0,8
238.3,1456.0,776.0,1135427.0,1580642.0,0.7183330855329616,0.0,8
238.4,1447.0,775.0,1139324.0,1580642.0,0.7208264679554507,0.0,8
238.5,1446.0,776.0,1141916.0,1580642.0,0.722398237243213,0.0,8
238.6,1445.0,774.0,1136099.0,1580642.0,0.7187306224225121,0.0,8
238.7,1441.0,772.0,1134918.0,1580642.0,0.7179770914824424,0.0,8
238.8,1437.0,771.0,1139857.0,1580642.0,0.7211680116268656,0.0,8
238.9,1436.0,770.0,1144930.0,1580642.0,0.7243933310968479,0.0,8
239.0,1436.0,769.0,1143428.0,1580642.0,0.723434987767479,0.0,8
239.1,1432.0,769.0,1145038.0,1580642.0,0.7244369145359564,0.0,8
239.2,1429.0,767.0,1147444.0,1580642.0,0.7259614234914166,0.0,8
239.3,1424.0,769.0,1147329.0,1580642.0,0.725850182381387,0.0,8
239.4,1424.0,768.0,1147833.0,1580642.0,0.7261717569739317,0.0,8
239.5,1420.0,768.0,1145182.0,1580642.0,0.724519916885392,0.0,8
239.6,1419.0,769.0,1141866.0,1580642.0,0.7224041602407931,0.0,8
239.7,1416.0,768.0,1140698.0,1580642.0,0.7216259845742389,0.0,8
239.8,1409.0,766.0,1146779.0,1580642.0,0.7254626946864199,0.0,8
239.9,1406.0,765.0,1149164.0,1580642.0,0.7269844315975683,0.0,8
240.0,1403.0,767.0,1152120.0,1580642.0,0.7288704921046353,0.0,8
240.1,1403.0,767.0,1153026.0,1580642.0,0.7294485607174237,0.0,8
240.2,1394.0,776.0,1149493.0,1580642.0,0.7272912119012952,0.0,8
240.3,1395.0,776.0,1145235.0,1580642.0,0.7245744170301547,0.0,8
240.4,1391.0,772.0,1152254.0,1580642.0,0.7289577409028501,0.0,8
240.5,1390.0,769.0,1155686.0,1580642.0,0.7311475107473204,0.0,8
240.6,1386.0,772.0,1158279.0,1580642.0,0.7328019609823762,0.0,8
240.7,1387.0,771.0,1157021.0,1580642.0,0.732049707098486,0.0,8
240.8,1383.0,770.0,1158964.0,1580642.0,0.7332395509975612,0.0,8
240.9,1384.0,769.0,1160554.0,1580642.0,0.7342540422716602,0.0,8
241.0,1382.0,769.0,1163309.0,1580642.0,0.7360118557686053,0.0,8
241.1,1374.0,775.0,1156731.0,1580642.0,0.7318921167371515,0.0,8
241.2,1373.0,772.0,1155614.0,1580642.0,0.7311023044092653,0.0,8
241.3,1367.0,771.0,1158221.0,1580642.0,0.732765687271892,0.0,8
241.4,1363.0,770.0,1160945.0,1580642.0,0.734503721379216,0.0,8
241.5,1362.0,768.0,1159662.0,1580642.0,0.7336851098668457,0.0,8
241.6,1363.0,767.0,1160695.0,1580642.0,0.7343160346448017,0.0,8
241.7,1357.0,769.0,1162747.0,1580642.0,0.7356253026287332,0.0,8
241.8,1355.0,769.0,1163748.0,1580642.0,0.7362639855000369,0.0,8
241.9,1353.0,771.0,1163868.0,1580642.0,0.736360094597916,0.0,8
242.0,1352.0,772.0,1165161.0,1580642.0,0.7371850865585512,0.0,8
242.1,1352.0,770.0,1166933.0,1580642.0,0.7382397665006963,0.0,8
242.2,1350.0,770.0,1164479.0,1580642.0,0.736674004496521,0.0,8
242.3,1344.0,770.0,1162417.0,1580642.0,0.7354533873965122,0.0,8
242.4,1339.0,762.0,1162013.0,1580642.0,0.7351875962187315,0.0,8
242.5,1337.0,765.0,1161565.0,1580642.0,0.7348944639580373,0.0,8
242.6,1334.0,763.0,1164620.0,1580642.0,0.7368436909029255,0.0,8
242.7,1333.0,765.0,1170902.0,1580642.0,0.740762190977231,0.0,8
242.8,1333.0,761.0,1169124.0,1580642.0,0.7396277472757542,0.0,8
242.9,1331.0,761.0,1164779.0,1580642.0,0.7368617534972077,0.0,8
243.0,1324.0,761.0,1168162.0,1580642.0,0.7390202591451804,0.0,8
243.1,1322.0,762.0,1171305.0,1580642.0,0.7410256340347987,0.0,8
243.2,1321.0,761.0,1169553.0,1580642.0,0.7399802541223295,0.0,8
243.3,1321.0,758.0,1169004.0,1580642.0,0.7396299675125936,0.0,8
243.4,1321.0,751.0,1176048.0,1580642.0,0.7440989077199067,0.0,8
243.5,1323.0,751.0,1172804.0,1580642.0,0.7420781531799719,0.0,8
243.6,1323.0,750.0,1168347.0,1580642.0,0.7392343873883626,0.0,8
243.7,1318.0,746.0,1171033.0,1580642.0,0.7408571346359949,0.0,8
243.8,1312.0,742.0,1169253.0,1580642.0,0.7397214148448652,0.0,8
243.9,1310.0,741.0,1169242.0,1580642.0,0.7397257154221886,0.0,8
244.0,1306.0,738.0,1169296.0,1580642.0,0.7396918075434428,0.0,8
244.1,1307.0,735.0,1170976.0,1580642.0,0.7407637228519247,0.0,8
244.2,1306.0,731.0,1171043.0,1580642.0,0.7408064718552988,0.0,8
244.3,1306.0,726.0,1171860.0,1580642.0,0.7414366699942126,0.0,8
244.4,1302.0,728.0,1172801.0,1580642.0,0.7420370701759277,0.0,8
244.5,1299.0,729.0,1167799.0,1580642.0,0.738900862391382,0.0,8
244.6,1297.0,726.0,1164943.0,1580642.0,0.7370786063669628,0.0,8
244.7,1292.0,721.0,1167140.0,1580642.0,0.7383794556868547,0.0,8
244.8,1293.0,715.0,1172067.0,1580642.0,0.7415231025469085,0.0,8
244.9,1291.0,715.0,1171198.0,1580642.0,0.7409686415926997,0.0,8
245.0,1293.0,713.0,1173341.0,1580642.0,0.7423359716558406,0.0,8
245.1,1292.0,709.0,1172497.0,1580642.0,0.7417229513947432,0.0,8
245.2,1291.0,705.0,1172731.0,1580642.0,0.7418722538841388,0.0,8
245.3,1290.0,700.0,1174718.0,1580642.0,0.7431400489543493,0.0,8
245.4,1290.0,695.0,1178211.0,1580642.0,0.7453488293698072,0.0,8
245.5,1288.0,695.0,1178770.0,1580642.0,0.745705496427808,0.0,8
245.6,1285.0,695.0,1177386.0,1580642.0,0.7448401131669562,0.0,8
245.7,1284.0,695.0,1177853.0,1580642.0,0.7450953689323415,0.0,8
245.8,1282.0,692.0,1179489.0,1580642.0,0.7461392102684584,0.0,8
245.9,1282.0,689.0,1181080.0,1580642.0,0.7471543395873839,0.0,8
246.0,1281.0,688.0,1182668.0,1580642.0,0.7482126274730859,0.0,8
246.1,1279.0,688.0,1184134.0,1580642.0,0.7491287424825643,0.0,8
246.2,1278.0,685.0,1189473.0,1580642.0,0.7525151093512155,0.0,8
246.3,1278.0,685.0,1189648.0,1580642.0,0.7526267671958491,0.0,8
246.4,1280.0,682.0,1187533.0,1580642.0,0.7512701770737394,0.0,8
246.5,1279.0,679.0,1190819.0,1580642.0,0.753359870639837,0.0,8
246.6,1278.0,676.0,1188655.0,1580642.0,0.7520045891857331,0.0,8
246.7,1273.0,676.0,1187305.0,1580642.0,0.7511010468104574,0.0,8
246.8,1270.0,673.0,1189655.0,1580642.0,0.752600452152679,0.0,8
246.9,1268.0,670.0,1191303.0,1580642.0,0.7536519500267138,0.0,8
247.0,1264.0,669.0,1187052.0,1580642.0,0.7510442617965745,0.0,8
247.1,1261.0,665.0,1191146.0,1580642.0,0.7536733144896337,0.0,8
247.2,1262.0,662.0,1183875.0,1580642.0,0.7490340905563171,0.0,8
247.3,1261.0,659.0,1178688.0,1580642.0,0.7457026060739202,0.0,8
247.4,1256.0,655.0,1183595.0,1580642.0,0.7488334920374443,0.0,8
247.5,1258.0,653.0,1186991.0,1580642.0,0.7509683708609485,0.0,8
247.6,1260.0,652.0,1191539.0,1580642.0,0.7538108754022913,0.0,8
247.7,1257.0,652.0,1189643.0,1580642.0,0.7526011424112903,0.0,8
247.8,1257.0,650.0,1192755.0,1580642.0,0.7545867379112877,0.0,8
247.9,1257.0,648.0,1192973.0,1580642.0,0.7547373136181971,0.0,8
248.0,1254.0,646.0,1193209.0,1580642.0,0.7548935110163725,0.0,8
248.1,1249.0,644.0,1197141.0,1580642.0,0.7573958294172615,0.0,8
248.2,1245.0,648.0,1191098.0,1580642.0,0.7535332435132327,0.0,8
248.3,1244.0,648.0,1191656.0,1580642.0,0.7538892725264069,0.0,8
248.4,1244.0,646.0,1190247.0,1580642.0,0.7529503656068842,0.0,8
248.5,1239.0,648.0,1188605.0,1580642.0,0.7519026960018085,0.0,8
248.6,1239.0,649.0,1189518.0,1580642.0,0.7525351488432331,0.0,8
248.7,1235.0,645.0,1194889.0,1580642.0,0.7559620876062427,0.0,8
248.8,1235.0,646.0,1194988.0,1580642.0,0.7559995214811067,0.0,8
248.9,1232.0,646.0,1199256.0,1580642.0,0.7587003843883273,0.0,8
249.0,1233.0,646.0,1195783.0,1580642.0,0.7564302208865741,0.0,8
249.1,1231.0,646.0,1198225.0,1580642.0,0.7579883263528318,0.0,8
249.2,1228.0,646.0,1199618.0,1580642.0,0.7588771227961146,0.0,8
249.3,1224.0,643.0,1200458.0,1580642.0,0.7594130804503556,0.0,8
249.4,1224.0,641.0,1199562.0,1580642.0,0.7588536885421818,0.0,8
249.5,1223.0,639.0,1201416.0,1580642.0,0.7600366236504709,0.0,8
249.6,1222.0,639.0,1198550.0,1580642.0,0.7582344119141148,0.0,8
249.7,1222.0,637.0,1200434.0,1580642.0,0.759436488367198,0.0,8
249.8,1219.0,636.0,1198766.0,1580642.0,0.7583700716443607,0.0,8
249.9,1220.0,634.0,1198487.0,1580642.0,0.7582423822134307,0.0,8
250.0,1213.0,631.0,1202130.0,1580642.0,0.7605206889130157,0.0,8
250.1,1217.0,631.0,1202928.0,1580642.0,0.7610720712601567,0.0,8
250.2,1214.0,635.0,1199831.0,1580642.0,0.7590535795604607,0.0,8
250.3,1213.0,636.0,1198292.0,1580642.0,0.7581116117636895,0.0,8
250.4,1207.0,630.0,1200614.0,1580642.0,0.7596286969891588,0.0,8
250.5,1206.0,629.0,1206454.0,1580642.0,0.7632995863382925,0.0,8
250.6,1206.0,628.0,1208461.0,1580642.0,0.7645801423050324,0.0,8
250.7,1206.0,627.0,1207857.0,1580642.0,0.76419476322984,0.0,8
250.8,1205.0,626.0,1207858.0,1580642.0,0.7641779340760769,0.0,8
250.9,1206.0,624.0,1204468.0,1580642.0,0.7619722102296584,0.0,8
251.0,1202.0,622.0,1209384.0,1580642.0,0.765108838596621,0.0,8
251.1,1202.0,620.0,1207674.0,1580642.0,0.7640177819433448,0.0,8
251.2,1201.0,618.0,1208773.0,1580642.0,0.764703358232682,0.0,8
251.3,1200.0,619.0,1208865.0,1580642.0,0.7648158035831479,0.0,8
251.4,1198.0,619.0,1211921.0,1580642.0,0.7667007264242597,0.0,8
251.5,1192.0,619.0,1211028.0,1580642.0,0.7661309523942154,0.0,8
251.6,1193.0,618.0,1213709.0,1580642.0,0.7678415505740012,0.0,8
251.7,1192.0,619.0,1209666.0,1580642.0,0.7653207293609813,0.0,8
251.8,1191.0,617.0,1210789.0,1580642.0,0.7660952333999307,0.0,8
251.9,1191.0,613.0,1211561.0,1580642.0,0.7665878040059712,0.0,8
252.0,1188.0,610.0,1207147.0,1580642.0,0.7637737135263348,0.0,8
252.1,1188.0,607.0,1210338.0,1580642.0,0.7657218085495464,0.0,8
252.2,1185.0,606.0,1211124.0,1580642.0,0.7662233117831576,0.0,8
252.3,1184.0,606.0,1210901.0,1580642.0,0.7660810277868532,0.0,8
252.4,1185.0,603.0,1213524.0,1580642.0,0.7677097909619309,0.0,8
252.5,1184.0,599.0,1215135.0,1580642.0,0.7687376811773861,0.0,8
252.6,1183.0,601.0,1211484.0,1580642.0,0.7665122091019237,0.0,8
252.7,1181.0,601.0,1213698.0,1580642.0,0.7679248403477444,0.0,8
252.8,1178.0,595.0,1217103.0,1580642.0,0.7700165615618517,0.0,8
252.9,1178.0,596.0,1216755.0,1580642.0,0.7697945219622376,0.0,8
253.0,1176.0,596.0,1218745.0,1580642.0,0.7710642311669275,0.0,8
253.1,1174.0,597.0,1217428.0,1580642.0,0.7702634614447473,0.0,8
253.2,1172.0,595.0,1218960.0,1580642.0,0.7711799127140482,0.0,8
253.3,1171.0,593.0,1216838.0,1580642.0,0.7698259815922633,0.0,8
253.4,1169.0,590.0,1220004.0,1580642.0,0.7718460315128904,0.0,8
253.5,1169.0,586.0,1220531.0,1580642.0,0.7722401386870174,0.0,8
253.6,1168.0,584.0,1221208.0,1580642.0,0.7726249865292552,0.0,8
253.7,1167.0,583.0,1220054.0,1580642.0,0.7718886827995004,0.0,8
253.8,1166.0,579.0,1214102.0,1580642.0,0.7681503226057027,0.0,8
253.9,1165.0,576.0,1214776.0,1580642.0,0.7685987277711122,0.0,8
254.0,1161.0,574.0,1216712.0,1580642.0,0.7698276308465941,0.0,8
254.1,1161.0,572.0,1220206.0,1580642.0,0.7720100138293409,0.0,8
254.2,1161.0,572.0,1219124.0,1580642.0,0.7713196493270924,0.0,8
254.3,1161.0,569.0,1218651.0,1580642.0,0.7710178541241686,0.0,8
254.4,1159.0,566.0,1223374.0,1580642.0,0.774031339839621,0.0,8
254.5,1157.0,565.0,1222240.0,1580642.0,0.7733138637024094,0.0,8
254.6,1160.0,563.0,1217876.0,1580642.0,0.7705294360796624,0.0,8
254.7,1159.0,560.0,1216620.0,1580642.0,0.7696755280335957,0.0,8
254.8,1152.0,557.0,1217337.0,1580642.0,0.7701032020031598,0.0,8
254.9,1145.0,555.0,1215980.0,1580642.0,0.7692298019826331,0.0,8
255.0,1145.0,553.0,1218138.0,1580642.0,0.7706067027181711,0.0,8
255.1,1146.0,548.0,1217701.0,1580642.0,0.7703492530713307,0.0,8
255.2,1144.0,545.0,1214023.0,1580642.0,0.7680256102172636,0.0,8
255.3,1142.0,541.0,1214733.0,1580642.0,0.7684280933880021,0.0,8
255.4,1140.0,538.0,1218107.0,1580642.0,0.7705808566325366,0.0,8
255.5,1140.0,536.0,1219661.0,1580642.0,0.7715723782928824,0.0,8
255.6,1140.0,533.0,1221525.0,1580642.0,0.772800536990356,0.0,8
255.7,1139.0,530.0,1221606.0,1580642.0,0.7728522186213007,0.0,8
255.8,1140.0,527.0,1224969.0,1580642.0,0.7749508141513758,0.0,8
255.9,1139.0,522.0,1228595.0,1580642.0,0.7772643646921826,0.0,8
256.0,1140.0,520.0,1232099.0,1580642.0,0.7795000737641592,0.0,8
256.1,1140.0,520.0,1227192.0,1580642.0,0.7763870214439503,0.0,8
256.2,1139.0,520.0,1225260.0,1580642.0,0.7751316806983667,0.0,8
256.3,1136.0,515.0,1225537.0,1580642.0,0.7752838673186817,0.0,8
256.4,1133.0,511.0,1227236.0,1580642.0,0.7763679054788666,0.0,8
256.5,1132.0,508.0,1229199.0,1580642.0,0.7776203874732417,0.0,8
256.6,1133.0,505.0,1226808.0,1580642.0,0.7760948222931343,0.0,8
256.7,1130.0,505.0,1224935.0,1580642.0,0.7749116941447665,0.0,8
256.8,1127.0,501.0,1230290.0,1580642.0,0.7783116898814141,0.0,8
256.9,1127.0,497.0,1231973.0,1580642.0,0.7793855193243755,0.0,8
257.0,1127.0,495.0,1232092.0,1580642.0,0.7794144195856,0.0,8
257.1,1126.0,494.0,1234645.0,1580642.0,0.7810433480275967,0.0,8
257.2,1126.0,492.0,1236075.0,1580642.0,0.782011940320727,0.0,8
257.3,1127.0,491.0,1237476.0,1580642.0,0.7828614198786557,0.0,8
257.4,1124.0,486.0,1236831.0,1580642.0,0.7824315587292949,0.0,8
257.5,1123.0,485.0,1235084.0,1580642.0,0.781316894417439,0.0,8
257.6,1122.0,482.0,1230674.0,1580642.0,0.7785031167326739,0.0,8
257.7,1118.0,479.0,1231444.0,1580642.0,0.779049092945346,0.0,8
257.8,1118.0,477.0,1233265.0,1580642.0,0.7802109725743612,0.0,8
257.9,1116.0,471.0,1230455.0,1580642.0,0.7785643187735783,0.0,8
258.0,1112.0,468.0,1230242.0,1580642.0,0.7784176254641721,0.0,8
258.1,1113.0,465.0,1234548.0,1580642.0,0.7811650464869834,0.0,8
258.2,1115.0,462.0,1237028.0,1580642.0,0.7827110381966458,0.0,8
258.3,1111.0,459.0,1230502.0,1580642.0,0.7785471576590548,0.0,8
258.4,1110.0,452.0,1229822.0,1580642.0,0.7780703317119868,0.0,8
258.5,1110.0,449.0,1229123.0,1580642.0,0.7776361460416615,0.0,8
258.6,1108.0,446.0,1232170.0,1580642.0,0.7795280706125718,0.0,8
258.7,1109.0,446.0,1234077.0,1580642.0,0.7807448220966641,0.0,8
258.8,1107.0,443.0,1234034.0,1580642.0,0.7807173861691256,0.0,8
258.9,1107.0,441.0,1237669.0,1580642.0,0.7830871670533504,0.0,8
259.0,1106.0,439.0,1239892.0,1580642.0,0.7844396213680714,0.0,8
259.1,1105.0,437.0,1239563.0,1580642.0,0.7842297046201604,0.0,8
259.2,1104.0,438.0,1236929.0,1580642.0,0.7825490945472191,0.0,8
259.3,1099.0,438.0,1233629.0,1580642.0,0.7804097115568414,0.0,8
259.4,1097.0,433.0,1234218.0,1580642.0,0.7807855199596365,0.0,8
259.5,1095.0,430.0,1237805.0,1580642.0,0.7830741867522109,0.0,8
259.6,1095.0,429.0,1238681.0,1580642.0,0.7836996033798717,0.0,8
259.7,1096.0,427.0,1237497.0,1580642.0,0.7829441583053225,0.0,8
259.8,1093.0,425.0,1239544.0,1580642.0,0.7842047154869787,0.0,8
259.9,1091.0,425.0,1242211.0,1580642.0,0.7859063810391937,0.0,8
260.0,1087.0,424.0,1238128.0,1580642.0,0.7833012440126867,0.0,8
260.1,1087.0,421.0,1239221.0,1580642.0,0.7839986270080265,0.0,8
260.2,1084.0,417.0,1236074.0,1580642.0,0.7820352433313102,0.0,8
260.3,1082.0,414.0,1235313.0,1580642.0,0.7815496912183609,0.0,8
260.4,1081.0,410.0,1241040.0,1580642.0,0.7851301592658197,0.0,8
260.5,1081.0,410.0,1241040.0,1580642.0,0.7851301592658197,0.0,8
260.6,1078.0,407.0,1238307.0,1580642.0,0.7833811303806562,0.0,8
260.7,1078.0,406.0,1232203.0,1580642.0,0.7794865047598386,0.0,8
260.8,1076.0,404.0,1236562.0,1580642.0,0.7822029221580923,0.0,8
260.9,1075.0,400.0,1241623.0,1580642.0,0.7854320670248939,0.0,8
261.0,1076.0,396.0,1241847.0,1580642.0,0.7856280828351647,0.0,8
261.1,1076.0,391.0,1234917.0,1580642.0,0.7812397379416313,0.0,8
261.2,1076.0,391.0,1236225.0,1580642.0,0.7820267849085699,0.0,8
261.3,1071.0,388.0,1240201.0,1580642.0,0.7845636511386438,0.0,8
261.4,1069.0,386.0,1239436.0,1580642.0,0.7840755468463885,0.0,8
261.5,1068.0,384.0,1243710.0,1580642.0,0.7868025504347527,0.0,8
261.6,1068.0,381.0,1238743.0,1580642.0,0.783625442145917,0.0,8
261.7,1067.0,381.0,1239034.0,1580642.0,0.7838628226128206,0.0,8
261.8,1064.0,374.0,1240553.0,1580642.0,0.7848553837345207,0.0,8
261.9,1063.0,374.0,1241166.0,1580642.0,0.7852673518464331,0.0,8
262.0,1064.0,370.0,1243801.0,1580642.0,0.7869485999642009,0.0,8
262.1,1065.0,368.0,1241403.0,1580642.0,0.7854407180181702,0.0,8
262.2,1065.0,365.0,1244027.0,1580642.0,0.7870517562857109,0.0,8
262.3,1064.0,363.0,1246523.0,1580642.0,0.7886443161725982,0.0,8
262.4,1063.0,358.0,1249520.0,1580642.0,0.7905996548469367,0.0,8
262.5,1061.0,359.0,1246686.0,1580642.0,0.7887914358087,0.0,8
262.6,1059.0,358.0,1248193.0,1580642.0,0.7898098497268398,0.0,8
262.7,1056.0,358.0,1250799.0,1580642.0,0.7914725945446397,0.0,8
262.8,1053.0,353.0,1251968.0,1580642.0,0.7921566619363971,0.0,8
262.9,1051.0,350.0,1250252.0,1580642.0,0.791013202729972,0.0,8
263.0,1052.0,348.0,1250738.0,1580642.0,0.79132329251564,0.0,8
263.1,1051.0,347.0,1251848.0,1580642.0,0.7920315222730299,0.0,8
263.2,1051.0,345.0,1251062.0,1580642.0,0.7915300190394186,0.0,8
263.3,1048.0,343.0,1250263.0,1580642.0,0.7909971759214274,0.0,8
263.4,1048.0,338.0,1247075.0,1580642.0,0.7889165098183782,0.0,8
263.5,1047.0,336.0,1247279.0,1580642.0,0.7890466709629796,0.0,8
263.6,1045.0,332.0,1246757.0,1580642.0,0.7887869005086903,0.0,8
263.7,1045.0,331.0,1249189.0,1580642.0,0.7903386255266832,0.0,8
263.8,1039.0,330.0,1252924.0,1580642.0,0.7926683034557912,0.0,8
263.9,1040.0,329.0,1253137.0,1580642.0,0.7928042070038308,0.0,8
264.0,1039.0,328.0,1253699.0,1580642.0,0.7930969095778537,0.0,8
264.1,1036.0,325.0,1247483.0,1580642.0,0.7892622137286597,0.0,8
264.2,1035.0,320.0,1251382.0,1580642.0,0.7917499505070948,0.0,8
264.3,1033.0,317.0,1249190.0,1580642.0,0.7903264787221922,0.0,8
264.4,1033.0,316.0,1251169.0,1580642.0,0.7915138854007082,0.0,8
264.5,1032.0,313.0,1253351.0,1580642.0,0.7929060992120818,0.0,8
264.6,1032.0,310.0,1251874.0,1580642.0,0.7919637070033747,0.0,8
264.7,1034.0,306.0,1251691.0,1580642.0,0.7918469448001294,0.0,8
264.8,1033.0,303.0,1248006.0,1580642.0,0.7896346728816658,0.0,8
264.9,1028.0,297.0,1253167.0,1580642.0,0.7929276222311153,0.0,8
265.0,1028.0,295.0,1251352.0,1580642.0,0.7917492535468252,0.0,8
265.1,1029.0,290.0,1253263.0,1580642.0,0.7929150969963579,0.0,8
265.2,1028.0,287.0,1252488.0,1580642.0,0.7924206122558379,0.0,8
265.3,1028.0,285.0,1249803.0,1580642.0,0.7907074618967462,0.0,8
265.4,1025.0,279.0,1250519.0,1580642.0,0.7911573395427164,0.0,8
265.5,1025.0,276.0,1254693.0,1580642.0,0.7938149605453867,0.0,8
265.6,1023.0,274.0,1255645.0,1580642.0,0.7944223792201931,0.0,8
265.7,1022.0,269.0,1256012.0,1580642.0,0.7946655399253293,0.0,8
265.8,1022.0,269.0,1256012.0,1580642.0,0.7946655399253293,0.0,8
265.9,1022.0,268.0,1256235.0,1580642.0,0.7948078239216337,0.0,8
266.0,1020.0,264.0,1252934.0,1580642.0,0.792778306329256,0.0,8
266.1,1020.0,261.0,1255716.0,1580642.0,0.7945533470365159,0.0,8
266.2,1020.0,259.0,1259379.0,1580642.0,0.7968133075470303,0.0,8
266.3,1018.0,257.0,1253021.0,1580642.0,0.7927566185402874,0.0,8
266.4,1017.0,257.0,1255453.0,1580642.0,0.7943083435582803,0.0,8
266.5,1015.0,258.0,1252664.0,1580642.0,0.7925288365372352,0.0,8
266.6,1015.0,254.0,1255979.0,1580642.0,0.7946846305015556,0.0,8
266.7,1014.0,248.0,1258250.0,1580642.0,0.7961616022498774,0.0,8
266.8,1013.0,245.0,1258744.0,1580642.0,0.7964245983787912,0.0,8
266.9,1012.0,242.0,1257536.0,1580642.0,0.7956538402284065,0.0,8
267.0,1013.0,238.0,1260005.0,1580642.0,0.7972291729049792,0.0,8
267.1,1012.0,237.0,1258644.0,1580642.0,0.7963607938961434,0.0,8
267.2,1012.0,234.0,1258531.0,1580642.0,0.7962598271295858,0.0,8
267.3,1009.0,232.0,1259591.0,1580642.0,0.7969361546456516,0.0,8
267.4,1007.0,226.0,1256473.0,1580642.0,0.7948815851476894,0.0,8
267.5,1005.0,224.0,1260114.0,1580642.0,0.7972047063608932,0.0,8
267.6,1003.0,219.0,1262096.0,1580642.0,0.7984988303654271,0.0,8
267.7,1005.0,217.0,1258981.0,1580642.0,0.7965179574520929,0.0,8
267.8,1005.0,216.0,1257467.0,1580642.0,0.7955519575848061,0.0,8
267.9,1003.0,212.0,1262745.0,1580642.0,0.7989286378649337,0.0,8
268.0,1002.0,210.0,1256831.0,1580642.0,0.7951014141025555,0.0,8
268.1,1001.0,209.0,1257215.0,1580642.0,0.7953464233159228,0.0,8
268.2,996.0,200.0,1250548.0,1580642.0,0.7911569912973533,0.0,8
268.3,996.0,198.0,1244536.0,1580642.0,0.7874222045448533,0.0,8
268.4,996.0,194.0,1250637.0,1580642.0,0.7913149160311916,0.0,8
268.5,990.0,189.0,1252371.0,1580642.0,0.792398159026506,0.0,8
268.6,992.0,185.0,1259561.0,1580642.0,0.7969209220445977,0.0,8
268.7,992.0,182.0,1260218.0,1580642.0,0.7973401174955933,0.0,8
268.8,991.0,178.0,1259531.0,1580642.0,0.7969017806998034,0.0,8
268.9,991.0,174.0,1258107.0,1580642.0,0.7959932048668996,0.0,8
269.0,991.0,169.0,1252435.0,1580642.0,0.7924133834806851,0.0,8
269.1,990.0,169.0,1253714.0,1580642.0,0.7932294428137496,0.0,8
269.2,987.0,165.0,1255599.0,1580642.0,0.7944181102638425,0.0,8
269.3,985.0,160.0,1256557.0,1580642.0,0.7950393733634424,0.0,8
269.4,987.0,157.0,1256194.0,1580642.0,0.7947380164453142,0.0,8
269.5,986.0,152.0,1259807.0,1580642.0,0.797074053760332,0.0,8
269.6,984.0,151.0,1260390.0,1580642.0,0.7974460338941683,0.0,8
269.7,982.0,149.0,1262157.0,1580642.0,0.7985529789139976,0.0,8
269.8,980.0,145.0,1262227.0,1580642.0,0.7985976420518509,0.0,8
269.9,980.0,140.0,1263631.0,1580642.0,0.7994837665610355,0.0,8
270.0,980.0,134.0,1261546.0,1580642.0,0.7981284841404048,0.0,8
270.1,981.0,133.0,1261785.0,1580642.0,0.7982809768539328,0.0,8
270.2,978.0,129.0,1263002.0,1580642.0,0.7990647248701078,0.0,8
270.3,976.0,125.0,1265020.0,1580642.0,0.800352299329939,0.0,8
270.4,975.0,120.0,1264301.0,1580642.0,0.7999044570093103,0.0,8
270.5,975.0,117.0,1265543.0,1580642.0,0.8006837166736714,0.0,8
270.6,972.0,111.0,1265503.0,1580642.0,0.8006213468276433,0.0,8
270.7,972.0,108.0,1268133.0,1580642.0,0.8022994047212786,0.0,8
270.8,972.0,105.0,1270867.0,1580642.0,0.8040504152819296,0.0,8
270.9,972.0,104.0,1272962.0,1580642.0,0.8053018190044823,0.0,8
271.0,971.0,105.0,1269457.0,1580642.0,0.8030654718876793,0.0,8
271.1,968.0,100.0,1264917.0,1580642.0,0.8003222479994425,0.0,8
271.2,964.0,98.0,1269418.0,1580642.0,0.8031217352881396,0.0,8
271.3,963.0,94.0,1271856.0,1580642.0,0.8046772885750914,0.0,8
271.4,963.0,92.0,1265209.0,1580642.0,0.8005512682573535,0.0,8
271.5,961.0,89.0,1265870.0,1580642.0,0.8008989940530721,0.0,8
271.6,959.0,86.0,1262032.0,1580642.0,0.798450178009052,0.0,8
271.7,956.0,85.0,1266075.0,1580642.0,0.8010297932424998,0.0,8
271.8,956.0,84.0,1264449.0,1580642.0,0.8000316640885351,0.0,8
271.9,953.0,78.0,1268715.0,1580642.0,0.8026924484812638,0.0,8
272.0,954.0,74.0,1273001.0,1580642.0,0.805393029248059,0.0,8
272.1,954.0,71.0,1274484.0,1580642.0,0.806339249725725,0.0,8
272.2,952.0,70.0,1274317.0,1580642.0,0.8062326962397033,0.0,8
272.3,947.0,69.0,1271801.0,1580642.0,0.8047601913112974,0.0,8
272.4,947.0,68.0,1275581.0,1580642.0,0.8071293710189633,0.0,8
272.5,942.0,65.0,1276785.0,1580642.0,0.807951444364714,0.0,8
272.6,941.0,62.0,1277471.0,1580642.0,0.8083622297863817,0.0,8
272.7,939.0,59.0,1273669.0,1580642.0,0.8060327176028825,0.0,8
272.8,938.0,57.0,1272323.0,1580642.0,0.805173909266444,0.0,8
272.9,936.0,55.0,1270379.0,1580642.0,0.8039335501237721,0.0,8
273.0,933.0,48.0,1273694.0,1580642.0,0.8060916241886078,0.0,8
273.1,932.0,47.0,1276111.0,1580642.0,0.8076337785342036,0.0,8
273.2,930.0,45.0,1276613.0,1580642.0,0.8079726435698619,0.0,8
273.3,929.0,44.0,1275283.0,1580642.0,0.8071240439506471,0.0,8
273.4,925.0,40.0,1272823.0,1580642.0,0.8055619861524291,0.0,8
273.5,924.0,37.0,1277345.0,1580642.0,0.8084472248577598,0.0,8
273.6,923.0,34.0,1281720.0,1580642.0,0.8112386709735979,0.0,8
273.7,922.0,32.0,1282379.0,1580642.0,0.8116591425142465,0.0,8
273.8,920.0,30.0,1282271.0,1580642.0,0.811590233672987,0.0,8
273.9,916.0,30.0,1275873.0,1580642.0,0.8077228001985017,0.0,8
274.0,911.0,29.0,1274003.0,1580642.0,0.8065296563729892,0.0,8
274.1,911.0,27.0,1273429.0,1580642.0,0.8061634186425912,0.0,8
274.2,906.0,25.0,1266532.0,1580642.0,0.801762823474377,0.0,8
274.3,906.0,24.0,1271721.0,1580642.0,0.8050736380789679,0.0,8
274.4,891.0,23.0,1263973.0,1580642.0,0.8003562038752338,0.0,8
274.5,889.0,23.0,1260825.0,1580642.0,0.7983861968898385,0.0,8
274.6,888.0,20.0,1264000.0,1580642.0,0.800411989213904,0.0,8
274.7,877.0,18.0,1251516.0,1580642.0,0.792446637600161,0.0,8
274.8,875.0,16.0,1254913.0,1580642.0,0.7946140758757045,0.0,8
274.9,873.0,16.0,1253429.0,1580642.0,0.7936672173532122,0.0,8
275.0,872.0,14.0,1254531.0,1580642.0,0.7943703427519901,0.0,8
275.1,872.0,12.0,1254041.0,1580642.0,0.7940577007870163,0.0,8
275.2,860.0,12.0,1246587.0,1580642.0,0.7894173890355206,0.0,8
275.3,855.0,11.0,1248631.0,1580642.0,0.7907215526608402,0.0,8
275.4,854.0,11.0,1248239.0,1580642.0,0.7904714390888611,0.0,8
275.5,854.0,10.0,1247798.0,1580642.0,0.7901900613203846,0.0,8
275.6,852.0,10.0,1241893.0,1580642.0,0.786422406620036,0.0,8
275.7,851.0,10.0,1241407.0,1580642.0,0.786112316834368,0.0,8
275.8,846.0,8.0,1238873.0,1580642.0,0.7844972620355415,0.0,8
275.9,843.0,7.0,1237186.0,1580642.0,0.7834208804132743,0.0,8
276.0,835.0,7.0,1232123.0,1580642.0,0.7802155405624869,0.0,8
276.1,825.0,6.0,1217453.0,1580642.0,0.7710061131724715,0.0,8
276.2,819.0,4.0,1215705.0,1580642.0,0.7698908108157891,0.0,8
276.3,815.0,2.0,1214261.0,1580642.0,0.7689694740863557,0.0,8
276.4,811.0,2.0,1212006.0,1580642.0,0.7675306830026496,0.0,8
276.5,807.0,0.0,1213178.0,1580642.0,0.768278471539281,0.0,8
276.6,798.0,0.0,1200169.0,1580642.0,0.7599781463916373,0.0,8
276.7,798.0,0.0,1200487.0,1580642.0,0.7601810446464572,0.0,8
276.8,790.0,0.0,1195063.0,1580642.0,0.7570104322982047,0.0,8
276.9,786.0,0.0,1192865.0,1580642.0,0.7556080097696075,0.0,8
277.0,769.0,0.0,1170838.0,1580642.0,0.7415537963767913,0.0,8
277.1,763.0,0.0,1163960.0,1580642.0,0.7371653240602802,0.0,8
277.2,763.0,0.0,1163960.0,1580642.0,0.7371653240602802,0.0,8
277.3,757.0,0.0,1158343.0,1580642.0,0.7335814262699571,0.0,8
277.4,752.0,0.0,1153254.0,1580642.0,0.730334416148014,0.0,8
277.5,740.0,0.0,1140200.0,1580642.0,0.722005378983179,0.0,8
277.6,732.0,0.0,1138209.0,1580642.0,0.7208455351764891,0.0,8
277.7,728.0,0.0,1127898.0,1580642.0,0.7142631941038279,0.0,8
277.8,727.0,0.0,1130325.0,1580642.0,0.7158117288976883,0.0,8
277.9,714.0,0.0,1111712.0,1580642.0,0.7039358005424659,0.0,8
278.0,715.0,0.0,1111881.0,1580642.0,0.7040436301181404,0.0,8
278.1,700.0,0.0,1098220.0,1580642.0,0.6953272997436336,0.0,8
278.2,697.0,0.0,1094998.0,1580642.0,0.6932715193127237,0.0,8
278.3,695.0,0.0,1092284.0,1580642.0,0.6915398656536642,0.0,8
278.4,686.0,0.0,1085616.0,1580642.0,0.6873799254899333,0.0,8
278.5,687.0,0.0,1087344.0,1580642.0,0.6884824669500862,0.0,8
278.6,687.0,0.0,1087344.0,1580642.0,0.6884824669500862,0.0,8
278.7,684.0,0.0,1084904.0,1580642.0,0.6869256375734816,0.0,8
278.8,673.0,0.0,1076578.0,1580642.0,0.6817034217507434,0.0,8
278.9,666.0,0.0,1066405.0,1580642.0,0.6752308732511918,0.0,8
279.0,666.0,0.0,1065081.0,1580642.0,0.6743861019009358,0.0,8
279.1,648.0,0.0,1046901.0,1580642.0,0.6628189383879197,0.0,8
279.2,645.0,0.0,1045190.0,1580642.0,0.661771664933783,0.0,8
279.3,641.0,0.0,1041925.0,1580642.0,0.6596884485753346,0.0,8
279.4,635.0,0.0,1038323.0,1580642.0,0.6574561711609819,0.0,8
279.5,627.0,0.0,1030868.0,1580642.0,0.6526995469795934,0.0,8
279.6,625.0,0.0,1025380.0,1580642.0,0.649216686368975,0.0,8
279.7,623.0,0.0,1029116.0,1580642.0,0.6516004218406943,0.0,8
279.8,620.0,0.0,1026986.0,1580642.0,0.6502413863602976,0.0,8
279.9,616.0,0.0,1022003.0,1580642.0,0.647062008989961,0.0,8
280.0,614.0,0.0,1020007.0,1580642.0,0.6457884715163124,0.0,8
280.1,614.0,0.0,1019586.0,1580642.0,0.6455198546443655,0.0,8
280.2,597.0,0.0,996569.0,1580642.0,0.6308339768733366,0.0,8
280.3,594.0,0.0,990476.0,1580642.0,0.6269463697456104,0.0,8
280.4,585.0,0.0,983498.0,1580642.0,0.622746288349866,0.0,8
280.5,578.0,0.0,975387.0,1580642.0,0.6175711067623084,0.0,8
280.6,578.0,0.0,975387.0,1580642.0,0.6175711067623084,0.0,8
280.7,574.0,0.0,966777.0,1580642.0,0.6121652025279325,0.0,8
280.8,570.0,0.0,961709.0,1580642.0,0.609137940443972,0.0,8
280.9,569.0,0.0,962321.0,1580642.0,0.6095035056364312,0.0,8
281.0,566.0,0.0,960442.0,1580642.0,0.6083046194074803,0.0,8
281.1,564.0,0.0,958549.0,1580642.0,0.6070968005509586,0.0,8
281.2,564.0,0.0,957995.0,1580642.0,0.6067433237170902,0.0,8
281.3,544.0,0.0,933329.0,1580642.0,0.5910053100272005,0.0,8
281.4,530.0,0.0,917221.0,1580642.0,0.5807276839623037,0.0,8
281.5,521.0,0.0,909700.0,1580642.0,0.5759289488223677,0.0,8
281.6,519.0,0.0,907588.0,1580642.0,0.5745813981488476,0.0,8
281.7,519.0,0.0,907588.0,1580642.0,0.5745813981488476,0.0,8
281.8,514.0,0.0,902038.0,1580642.0,0.5710402493618985,0.0,8
281.9,507.0,0.0,894031.0,1580642.0,0.5662279189354331,0.0,8
282.0,508.0,0.0,894217.0,1580642.0,0.5663465952731579,0.0,8
282.1,495.0,0.0,879187.0,1580642.0,0.5567567815312037,0.0,8
282.2,494.0,0.0,878983.0,1580642.0,0.5566266203866023,0.0,8
282.3,489.0,0.0,870718.0,1580642.0,0.5513531798957672,0.0,8
282.4,489.0,0.0,870718.0,1580642.0,0.5513531798957672,0.0,8
282.5,478.0,0.0,853025.0,1580642.0,0.5400642527809038,0.0,8
282.6,464.0,0.0,829507.0,1580642.0,0.52505871455181,0.0,8
282.7,444.0,0.0,807906.0,1580642.0,0.5112763082550731,0.0,8
282.8,434.0,0.0,797456.0,1580642.0,0.5046087398183849,0.0,8
282.9,427.0,0.0,789332.0,1580642.0,0.4994252636480832,0.0,8
283.0,422.0,0.0,783705.0,1580642.0,0.4960640947951933,0.0,8
283.1,421.0,0.0,781464.0,1580642.0,0.4947526387015261,0.0,8
283.2,418.0,0.0,775188.0,1580642.0,0.4907482693705544,0.0,8
283.3,416.0,0.0,775903.0,1580642.0,0.4912044714214856,0.0,8
283.4,409.0,0.0,763812.0,1580642.0,0.48348987142454825,0.0,8
283.5,409.0,0.0,763812.0,1580642.0,0.48348987142454825,0.0,8
283.6,404.0,0.0,759647.0,1580642.0,0.48083241472227023,0.0,8
283.7,400.0,0.0,755712.0,1580642.0,0.4783217083300819,0.0,8
283.8,396.0,0.0,753024.0,1580642.0,0.47660664383651086,0.0,8
283.9,393.0,0.0,743915.0,1580642.0,0.4707946935121289,0.0,8
284.0,384.0,0.0,726888.0,1580642.0,0.4600742691519964,0.0,8
284.1,385.0,0.0,725009.0,1580642.0,0.45895188843854695,0.0,8
284.2,380.0,0.0,721517.0,1580642.0,0.4567238359044881,0.0,8
284.3,375.0,0.0,716172.0,1580642.0,0.45328315282689835,0.0,8
284.4,374.0,0.0,713469.0,1580642.0,0.45166857322686965,0.0,8
284.5,374.0,0.0,713469.0,1580642.0,0.45166857322686965,0.0,8
284.6,365.0,0.0,696552.0,1580642.0,0.44087476889735266,0.0,8
284.7,348.0,0.0,665603.0,1580642.0,0.42112791956270584,0.0,8
284.8,346.0,0.0,665485.0,1580642.0,0.4210526302731815,0.0,8
284.9,346.0,0.0,665485.0,1580642.0,0.4210526302731815,0.0,8
285.0,324.0,0.0,630541.0,1580642.0,0.3990271059160521,0.0,8
285.1,323.0,0.0,635814.0,1580642.0,0.40239151628606706,0.0,8
285.2,317.0,0.0,631385.0,1580642.0,0.399565615749599,0.0,8
285.3,314.0,0.0,622570.0,1580642.0,0.3940390506298716,0.0,8
285.4,308.0,0.0,611235.0,1580642.0,0.3868068125217511,0.0,8
285.5,309.0,0.0,611721.0,1580642.0,0.3871169023074191,0.0,8
285.6,309.0,0.0,609867.0,1580642.0,0.38593396719913015,0.0,8
285.7,305.0,0.0,605490.0,1580642.0,0.38331945927855093,0.0,8
285.8,302.0,0.0,598475.0,1580642.0,0.3788435748208125,0.0,8
285.9,292.0,0.0,578898.0,1580642.0,0.36635257125286586,0.0,8
286.0,288.0,0.0,576397.0,1580642.0,0.36475682114184604,0.0,8
286.1,279.0,0.0,562812.0,1580642.0,0.35608898217415147,0.0,8
286.2,271.0,0.0,546490.0,1580642.0,0.34629703766055725,0.0,8
286.3,268.0,0.0,545081.0,1580642.0,0.3453980325000507,0.0,8
286.4,262.0,0.0,537968.0,1580642.0,0.34085961964931744,0.0,8
286.5,257.0,0.0,529064.0,1580642.0,0.3351784685143634,0.0,8
286.6,254.0,0.0,525934.0,1580642.0,0.33330882953985735,0.0,8
286.7,254.0,0.0,522925.0,1580642.0,0.3313889526569871,0.0,8
286.8,254.0,0.0,522925.0,1580642.0,0.3313889526569871,0.0,8
286.9,249.0,0.0,515077.0,1580642.0,0.326381576858793,0.0,8
287.0,246.0,0.0,509137.0,1580642.0,0.32259159058951764,0.0,8
287.1,242.0,0.0,499337.0,1580642.0,0.31638024097620054,0.0,8
287.2,241.0,0.0,497284.0,1580642.0,0.3150703349474426,0.0,8
287.3,237.0,0.0,491504.0,1580642.0,0.3113824358504036,0.0,8
287.4,237.0,0.0,490266.0,1580642.0,0.31059253635522466,0.0,8
287.5,237.0,0.0,490266.0,1580642.0,0.31059253635522466,0.0,8
287.6,231.0,0.0,475703.0,1580642.0,0.3013006895472353,0.0,8
287.7,227.0,0.0,471553.0,1580642.0,0.2986528035173544,0.0,8
287.8,219.0,0.0,456022.0,1580642.0,0.28937744155704737,0.0,8
287.9,219.0,0.0,458346.0,1580642.0,0.29086025773378066,0.0,8
288.0,212.0,0.0,447020.0,1580642.0,0.2836337620290984,0.0,8
288.1,205.0,0.0,429771.0,1580642.0,0.272628126817191,0.0,8
288.2,202.0,0.0,424822.0,1580642.0,0.26947044297095474,0.0,8
288.3,202.0,0.0,424822.0,1580642.0,0.26947044297095474,0.0,8
288.4,200.0,0.0,421942.0,1580642.0,0.2676328738707,0.0,8
288.5,190.0,0.0,402204.0,1580642.0,0.2550795761537549,0.0,8
288.6,186.0,0.0,392789.0,1580642.0,0.24907238411247082,0.0,8
288.7,185.0,0.0,392323.0,1580642.0,0.24877505522333238,0.0,8
288.8,184.0,0.0,389919.0,1580642.0,0.24724119546048087,0.0,8
288.9,179.0,0.0,384953.0,1580642.0,0.24407266485219445,0.0,8
289.0,172.0,0.0,369736.0,1580642.0,0.23436353672768895,0.0,8
289.1,171.0,0.0,368258.0,1580642.0,0.23342050647415544,0.0,8
289.2,163.0,0.0,352899.0,1580642.0,0.22362077598429014,0.0,8
289.3,161.0,0.0,346505.0,1580642.0,0.21973647311865088,0.0,8
289.4,161.0,0.0,346505.0,1580642.0,0.21973647311865088,0.0,8
289.5,159.0,0.0,342059.0,1580642.0,0.2168997258201327,0.0,8
289.6,157.0,0.0,336502.0,1580642.0,0.21335411071939817,0.0,8
289.7,148.0,0.0,325588.0,1580642.0,0.20639048948322458,0.0,8
289.8,149.0,0.0,325638.0,1580642.0,0.20642239172454846,0.0,8
289.9,144.0,0.0,316838.0,1580642.0,0.200807597251548,0.0,8
290.0,142.0,0.0,314200.0,1580642.0,0.19909837670769837,0.0,8
290.1,138.0,0.0,310129.0,1580642.0,0.1965008962191092,0.0,8
290.2,133.0,0.0,306161.0,1580642.0,0.19396913434764712,0.0,8
290.3,130.0,0.0,294483.0,1580642.0,0.1865180468640449,0.0,8
290.4,129.0,0.0,291490.0,1580642.0,0.18460837869839822,0.0,8
290.5,129.0,0.0,290899.0,1580642.0,0.18423129420595014,0.0,8
290.6,130.0,0.0,286512.0,1580642.0,0.18143219155219412,0.0,8
290.7,128.0,0.0,280489.0,1580642.0,0.17770927856801474,0.0,8
290.8,127.0,0.0,282319.0,1580642.0,0.17887690060046826,0.0,8
290.9,128.0,0.0,281829.0,1580642.0,0.17856425863549436,0.0,8
291.0,121.0,0.0,276021.0,1580642.0,0.17485849428331401,0.0,8
291.1,118.0,0.0,272370.0,1580642.0,0.17249511684276217,0.0,8
291.2,117.0,0.0,273323.0,1580642.0,0.17308065756980734,0.0,8
291.3,117.0,0.0,271126.0,1580642.0,0.17167887308603666,0.0,8
291.4,117.0,0.0,262685.0,1580642.0,0.16628515635393828,0.0,8
291.5,117.0,0.0,262685.0,1580642.0,0.16628515635393828,0.0,8
291.6,111.0,0.0,248772.0,1580642.0,0.15740803868315922,0.0,8
291.7,110.0,0.0,247322.0,1580642.0,0.1564828736847671,0.0,8
291.8,110.0,0.0,247722.0,1580642.0,0.156738091615358,0.0,8
291.9,109.0,0.0,248293.0,1580642.0,0.1571024152112766,0.0,8
292.0,106.0,0.0,244923.0,1580642.0,0.15508941733776693,0.0,8
292.1,93.0,0.0,220373.0,1580642.0,0.13942101951104058,0.0,8
292.2,88.0,0.0,212795.0,1580642.0,0.13475521327924977,0.0,8
292.3,88.0,0.0,212795.0,1580642.0,0.13475521327924977,0.0,8
292.4,87.0,0.0,211994.0,1580642.0,0.13424413937324145,0.0,8
292.5,87.0,0.0,211994.0,1580642.0,0.13424413937324145,0.0,8
292.6,86.0,0.0,213156.0,1580642.0,0.13498554746160812,0.0,8
292.7,83.0,0.0,209243.0,1580642.0,0.13248887805560233,0.0,8
292.8,83.0,0.0,207408.0,1580642.0,0.13142046674179778,0.0,8
292.9,83.0,0.0,207408.0,1580642.0,0.13142046674179778,0.0,8
293.0,84.0,0.0,208182.0,1580642.0,0.13191431343749122,0.0,8
293.1,85.0,0.0,208470.0,1580642.0,0.1320980703475167,0.0,8
293.2,85.0,0.0,208470.0,1580642.0,0.1320980703475167,0.0,8
293.3,84.0,0.0,204429.0,1580642.0,0.1295197312037218,0.0,8
293.4,80.0,0.0,202478.0,1580642.0,0.12826024795823815,0.0,8
293.5,80.0,0.0,202478.0,1580642.0,0.12826024795823815,0.0,8
293.6,80.0,0.0,202478.0,1580642.0,0.12826024795823815,0.0,8
293.7,77.0,0.0,197204.0,1580642.0,0.12489519954339673,0.0,8
293.8,77.0,0.0,197204.0,1580642.0,0.12489519954339673,0.0,8
293.9,77.0,0.0,197204.0,1580642.0,0.12489519954339673,0.0,8
294.0,77.0,0.0,196804.0,1580642.0,0.12462532382377947,0.0,8
294.1,78.0,0.0,196864.0,1580642.0,0.12466360651336811,0.0,8
294.2,76.0,0.0,192219.0,1580642.0,0.12169988829438091,0.0,8
294.3,73.0,0.0,183294.0,1580642.0,0.11600533821807074,0.0,8
294.4,72.0,0.0,181710.0,1580642.0,0.11499467521293065,0.0,8
294.5,72.0,0.0,181710.0,1580642.0,0.11499467521293065,0.0,8
294.6,69.0,0.0,176872.0,1580642.0,0.11189315655340695,0.0,8
294.7,66.0,0.0,172053.0,1580642.0,0.10881841853461272,0.0,8
294.8,67.0,0.0,172095.0,1580642.0,0.10884521641732475,0.0,8
294.9,66.0,0.0,169832.0,1580642.0,0.10740132097500657,0.0,8
295.0,66.0,0.0,169832.0,1580642.0,0.10740132097500657,0.0,8
295.1,64.0,0.0,161654.0,1580642.0,0.10218339038407498,0.0,8
295.2,62.0,0.0,157419.0,1580642.0,0.09966184636153207,0.0,8
295.3,61.0,0.0,158730.0,1580642.0,0.10049832312904385,0.0,8
295.4,59.0,0.0,153631.0,1580642.0,0.09724493255883594,0.0,8
295.5,59.0,0.0,153631.0,1580642.0,0.09724493255883594,0.0,8
295.6,59.0,0.0,153631.0,1580642.0,0.09724493255883594,0.0,8
295.7,57.0,0.0,150944.0,1580642.0,0.09553050611009135,0.0,8
295.8,57.0,0.0,151224.0,1580642.0,0.09569775815892896,0.0,8
295.9,57.0,0.0,148832.0,1580642.0,0.09417155493399516,0.0,8
296.0,54.0,0.0,142836.0,1580642.0,0.0903458381544371,0.0,8
296.1,54.0,0.0,142836.0,1580642.0,0.0903458381544371,0.0,8
296.2,54.0,0.0,143196.0,1580642.0,0.09057553429196896,0.0,8
296.3,53.0,0.0,141176.0,1580642.0,0.08928668374248475,0.0,8
296.4,53.0,0.0,141456.0,1580642.0,0.08945393579132235,0.0,8
296.5,53.0,0.0,142136.0,1580642.0,0.08988780627332693,0.0,8
296.6,52.0,0.0,134679.0,1580642.0,0.0851299060022855,0.0,8
296.7,52.0,0.0,134839.0,1580642.0,0.08523199317452186,0.0,8
296.8,52.0,0.0,135039.0,1580642.0,0.08535960213981733,0.0,8
296.9,51.0,0.0,135585.0,1580642.0,0.08570797461507396,0.0,8
297.0,50.0,0.0,134031.0,1580642.0,0.08470505245215212,0.0,8
297.1,49.0,0.0,131987.0,1580642.0,0.08340088882683246,0.0,8
297.2,46.0,0.0,126862.0,1580642.0,0.08013090909113615,0.0,8
297.3,46.0,0.0,130129.0,1580642.0,0.08221540153923759,0.0,8
297.4,46.0,0.0,127960.0,1580642.0,0.08083148231060826,0.0,8
297.5,45.0,0.0,128855.0,1580642.0,0.08137260611104333,0.0,8
297.6,45.0,0.0,119580.0,1580642.0,0.07558116377581842,0.0,8
297.7,45.0,0.0,119820.0,1580642.0,0.07573429453417298,0.0,8
297.8,46.0,0.0,119972.0,1580642.0,0.07583127734779753,0.0,8
297.9,46.0,0.0,120132.0,1580642.0,0.0759333645200339,0.0,8
298.0,45.0,0.0,120689.0,1580642.0,0.07628875548838177,0.0,8
298.1,45.0,0.0,121600.0,1580642.0,0.07687001432530262,0.0,8
298.2,43.0,0.0,122400.0,1580642.0,0.07737067832713358,0.0,8
298.3,42.0,0.0,119788.0,1580642.0,0.0757041052403748,0.0,8
298.4,42.0,0.0,116212.0,1580642.0,0.07342245694089188,0.0,8
298.5,42.0,0.0,116212.0,1580642.0,0.07342245694089188,0.0,8
298.6,41.0,0.0,117069.0,1580642.0,0.07396926135718294,0.0,8
298.7,41.0,0.0,117229.0,1580642.0,0.07407134852941931,0.0,8
298.8,41.0,0.0,113871.0,1580642.0,0.07209703284726647,0.0,8
298.9,41.0,0.0,113871.0,1580642.0,0.07209703284726647,0.0,8
299.0,41.0,0.0,114031.0,1580642.0,0.07219912001950286,0.0,8
299.1,41.0,0.0,114191.0,1580642.0,0.07230120719173923,0.0,8
299.2,41.0,0.0,114351.0,1580642.0,0.07240329436397562,0.0,8
299.3,41.0,0.0,114671.0,1580642.0,0.07259932549232262,0.0,8
299.4,40.0,0.0,111128.0,1580642.0,0.07033873267211344,0.0,8
299.5,39.0,0.0,109085.0,1580642.0,0.06903520709162025,0.0,8
299.6,39.0,0.0,109245.0,1580642.0,0.06913729426385662,0.0,8
299.7,39.0,0.0,109405.0,1580642.0,0.069239381436093,0.0,8
299.8,39.0,0.0,109525.0,1580642.0,0.06931594681527027,0.0,8
299.9,36.0,0.0,101754.0,1580642.0,0.0645754907839982,0.0,8
300.0,35.0,0.0,99321.0,1580642.0,0.06302312772117886,0.0,8
300.1,35.0,0.0,99721.0,1580642.0,0.06327834565176979,0.0,8
300.2,33.0,0.0,98098.0,1580642.0,0.06224279889839709,0.0,8
300.3,33.0,0.0,98218.0,1580642.0,0.06231936427757437,0.0,8
300.4,32.0,0.0,95911.0,1580642.0,0.060842508933215717,0.0,8
300.5,32.0,0.0,96191.0,1580642.0,0.06102116148462937,0.0,8
300.6,32.0,0.0,96191.0,1580642.0,0.06102116148462937,0.0,8
300.7,32.0,0.0,96471.0,1580642.0,0.06119981403604302,0.0,8
300.8,30.0,0.0,89919.0,1580642.0,0.0571561503638762,0.0,8
300.9,30.0,0.0,90119.0,1580642.0,0.05728375932917167,0.0,8
301.0,29.0,0.0,90810.0,1580642.0,0.057724648304267503,0.0,8
301.1,30.0,0.0,90830.0,1580642.0,0.05773740920079705,0.0,8
301.2,30.0,0.0,90950.0,1580642.0,0.05781397457997433,0.0,8
301.3,30.0,0.0,91310.0,1580642.0,0.05804041343105587,0.0,8
301.4,30.0,0.0,88658.0,1580642.0,0.056348318551237994,0.0,8
301.5,29.0,0.0,84421.0,1580642.0,0.053644922621453546,0.0,8
301.6,29.0,0.0,84621.0,1580642.0,0.053772531586749016,0.0,8
301.7,29.0,0.0,84741.0,1580642.0,0.053849096965926296,0.0,8
301.8,28.0,0.0,81304.0,1580642.0,0.05165287961087342,0.0,8
301.9,27.0,0.0,82040.0,1580642.0,0.05212248060316073,0.0,8
302.0,26.0,0.0,79720.0,1580642.0,0.05064221660573333,0.0,8
302.1,26.0,0.0,79720.0,1580642.0,0.05064221660573333,0.0,8
302.2,27.0,0.0,79935.0,1580642.0,0.05077939624342595,0.0,8
302.3,26.0,0.0,77419.0,1580642.0,0.04917081817355869,0.0,8
302.4,26.0,0.0,77579.0,1580642.0,0.04927290534579507,0.0,8
302.5,26.0,0.0,77579.0,1580642.0,0.04927290534579507,0.0,8
302.6,24.0,0.0,71469.0,1580642.0,0.04537445145601859,0.0,8
302.7,24.0,0.0,71789.0,1580642.0,0.04557862580049133,0.0,8
302.8,24.0,0.0,72069.0,1580642.0,0.04575402106545469,0.0,8
302.9,23.0,0.0,72770.0,1580642.0,0.04620129048881529,0.0,8
303.0,23.0,0.0,72770.0,1580642.0,0.04620129048881529,0.0,8
303.1,23.0,0.0,72770.0,1580642.0,0.04620129048881529,0.0,8
303.2,22.0,0.0,73735.0,1580642.0,0.046813746459915616,0.0,8
303.3,23.0,0.0,74105.0,1580642.0,0.04704982304571222,0.0,8
303.4,23.0,0.0,74145.0,1580642.0,0.047075344838771314,0.0,8
303.5,24.0,0.0,74211.0,1580642.0,0.04711745579731882,0.0,8
303.6,24.0,0.0,74211.0,1580642.0,0.04711745579731882,0.0,8
303.7,24.0,0.0,74611.0,1580642.0,0.04736941644145945,0.0,8
303.8,24.0,0.0,74851.0,1580642.0,0.04752254719981401,0.0,8
303.9,24.0,0.0,75051.0,1580642.0,0.047650156165109474,0.0,8
304.0,23.0,0.0,71513.0,1580642.0,0.04539275356903268,0.0,8
304.1,23.0,0.0,71513.0,1580642.0,0.04539275356903268,0.0,8
304.2,22.0,0.0,68797.0,1580642.0,0.04365656653386996,0.0,8
304.3,22.0,0.0,69237.0,1580642.0,0.04393730625751998,0.0,8
304.4,22.0,0.0,69946.0,1580642.0,0.0443896800394924,0.0,8
304.5,22.0,0.0,70026.0,1580642.0,0.0444407236256106,0.0,8
304.6,22.0,0.0,70026.0,1580642.0,0.0444407236256106,0.0,8
304.7,21.0,0.0,70715.0,1580642.0,0.04487707922460317,0.0,8
304.8,21.0,0.0,70955.0,1580642.0,0.04503020998295773,0.0,8
304.9,21.0,0.0,71155.0,1580642.0,0.0451578189482532,0.0,8
305.0,20.0,0.0,66923.0,1580642.0,0.04245761324260114,0.0,8
305.1,21.0,0.0,67065.0,1580642.0,0.042544958321510624,0.0,8
305.2,21.0,0.0,67385.0,1580642.0,0.04274913266598336,0.0,8
305.3,21.0,0.0,67385.0,1580642.0,0.04274913266598336,0.0,8
305.4,21.0,0.0,67585.0,1580642.0,0.04287674163127883,0.0,8
305.5,21.0,0.0,67825.0,1580642.0,0.04302987238963339,0.0,8
305.6,21.0,0.0,67905.0,1580642.0,0.043077658689301274,0.0,8
305.7,21.0,0.0,68225.0,1580642.0,0.043281833033774024,0.0,8
305.8,21.0,0.0,68225.0,1580642.0,0.043281833033774024,0.0,8
305.9,21.0,0.0,68225.0,1580642.0,0.043281833033774024,0.0,8
306.0,20.0,0.0,64011.0,1580642.0,0.040593112134998555,0.0,8
306.1,20.0,0.0,64251.0,1580642.0,0.040742985606902815,0.0,8
306.2,20.0,0.0,64571.0,1580642.0,0.040947159951375565,0.0,8
306.3,20.0,0.0,64571.0,1580642.0,0.040947159951375565,0.0,8
306.4,20.0,0.0,64571.0,1580642.0,0.040947159951375565,0.0,8
306.5,20.0,0.0,64611.0,1580642.0,0.04097268174443466,0.0,8
306.6,20.0,0.0,65091.0,1580642.0,0.04127568597469347,0.0,8
306.7,20.0,0.0,65371.0,1580642.0,0.04145433852610712,0.0,8
306.8,20.0,0.0,65371.0,1580642.0,0.04145433852610712,0.0,8
306.9,20.0,0.0,65371.0,1580642.0,0.04145433852610712,0.0,8
307.0,20.0,0.0,65411.0,1580642.0,0.041479860319166215,0.0,8
307.1,20.0,0.0,65731.0,1580642.0,0.04168077737718866,0.0,8
307.2,20.0,0.0,66171.0,1580642.0,0.04196151710083868,0.0,8
307.3,19.0,0.0,66706.0,1580642.0,0.042281087979867675,0.0,8
307.4,19.0,0.0,66746.0,1580642.0,0.042306609772926766,0.0,8
307.5,19.0,0.0,66746.0,1580642.0,0.042306609772926766,0.0,8
307.6,20.0,0.0,66842.0,1580642.0,0.04236558197575337,0.0,8
307.7,20.0,0.0,67322.0,1580642.0,0.042671843492462495,0.0,8
307.8,20.0,0.0,67482.0,1580642.0,0.04277393066469886,0.0,8
307.9,20.0,0.0,67522.0,1580642.0,0.04279945245775796,0.0,8
308.0,20.0,0.0,67562.0,1580642.0,0.04282497425081705,0.0,8
308.1,20.0,0.0,67722.0,1580642.0,0.04292380413660312,0.0,8
308.2,20.0,0.0,67922.0,1580642.0,0.0430514131018986,0.0,8
308.3,20.0,0.0,68282.0,1580642.0,0.04328110923943043,0.0,8
308.4,20.0,0.0,68322.0,1580642.0,0.04330663103248952,0.0,8
308.5,20.0,0.0,68362.0,1580642.0,0.043332152825548614,0.0,8
308.6,19.0,0.0,64797.0,1580642.0,0.04120593313304878,0.0,8
308.7,19.0,0.0,64997.0,1580642.0,0.04133354209834425,0.0,8
308.8,19.0,0.0,64997.0,1580642.0,0.04133354209834425,0.0,8
308.9,19.0,0.0,65397.0,1580642.0,0.041588760028935176,0.0,8
309.0,19.0,0.0,65437.0,1580642.0,0.04161428182199427,0.0,8
309.1,19.0,0.0,65637.0,1580642.0,0.04174026214406459,0.0,8
309.2,19.0,0.0,65757.0,1580642.0,0.04181682752324186,0.0,8
309.3,19.0,0.0,65797.0,1580642.0,0.04184234931630096,0.0,8
309.4,19.0,0.0,65997.0,1580642.0,0.04196995828159642,0.0,8
309.5,19.0,0.0,66237.0,1580642.0,0.04212146039672583,0.0,8
309.6,19.0,0.0,66397.0,1580642.0,0.042223547568962204,0.0,8
309.7,19.0,0.0,66517.0,1580642.0,0.042300112948139484,0.0,8
309.8,19.0,0.0,66557.0,1580642.0,0.042325634741198576,0.0,8
309.9,19.0,0.0,66597.0,1580642.0,0.042351156534257674,0.0,8
310.0,19.0,0.0,66997.0,1580642.0,0.042604745821623456,0.0,8
310.1,19.0,0.0,67157.0,1580642.0,0.04270683299385982,0.0,8
310.2,19.0,0.0,67277.0,1580642.0,0.0427833983730371,0.0,8
310.3,19.0,0.0,67317.0,1580642.0,0.04280892016609619,0.0,8
310.4,19.0,0.0,67869.0,1580642.0,0.04316112091031168,0.0,8
310.5,19.0,0.0,68069.0,1580642.0,0.043287101232382,0.0,8
310.6,18.0,0.0,68952.0,1580642.0,0.04385049481416148,0.0,8
310.7,18.0,0.0,69112.0,1580642.0,0.04395258198639785,0.0,8
310.8,18.0,0.0,69112.0,1580642.0,0.04395258198639785,0.0,8
310.9,17.0,0.0,69705.0,1580642.0,0.044329313925273756,0.0,8
311.0,17.0,0.0,69705.0,1580642.0,0.044329313925273756,0.0,8
311.1,18.0,0.0,70013.0,1580642.0,0.04452583173182877,0.0,8
311.2,17.0,0.0,66651.0,1580642.0,0.04238072502521199,0.0,8
311.3,18.0,0.0,66729.0,1580642.0,0.04243049252167723,0.0,8
311.4,18.0,0.0,66769.0,1580642.0,0.04245438567151117,0.0,8
311.5,18.0,0.0,66769.0,1580642.0,0.04245438567151117,0.0,8
311.6,18.0,0.0,67089.0,1580642.0,0.042658560015983914,0.0,8
311.7,18.0,0.0,67289.0,1580642.0,0.04278616898127938,0.0,8
311.8,18.0,0.0,67409.0,1580642.0,0.042862734360456664,0.0,8
311.9,18.0,0.0,67449.0,1580642.0,0.042886627510290605,0.0,8
312.0,18.0,0.0,67449.0,1580642.0,0.042886627510290605,0.0,8
312.1,18.0,0.0,67609.0,1580642.0,0.04298871468252698,0.0,8
312.2,18.0,0.0,67969.0,1580642.0,0.04321841082005881,0.0,8
312.3,18.0,0.0,68089.0,1580642.0,0.043294976199236085,0.0,8
312.4,18.0,0.0,68089.0,1580642.0,0.043294976199236085,0.0,8
312.5,18.0,0.0,68089.0,1580642.0,0.043294976199236085,0.0,8
312.6,17.0,0.0,64435.0,1580642.0,0.040963560403287934,0.0,8
312.7,17.0,0.0,64755.0,1580642.0,0.04116773474776068,0.0,8
312.8,17.0,0.0,64875.0,1580642.0,0.04124430012693796,0.0,8
312.9,16.0,0.0,65442.0,1580642.0,0.0416060715435506,0.0,8
313.0,16.0,0.0,65442.0,1580642.0,0.0416060715435506,0.0,8
313.1,16.0,0.0,65602.0,1580642.0,0.04170815871578698,0.0,8
313.2,15.0,0.0,62713.0,1580642.0,0.039864847212093976,0.0,8
313.3,16.0,0.0,62903.0,1580642.0,0.039986075729124666,0.0,8
313.4,16.0,0.0,62903.0,1580642.0,0.039986075729124666,0.0,8
313.5,16.0,0.0,62903.0,1580642.0,0.039986075729124666,0.0,8
313.6,16.0,0.0,63063.0,1580642.0,0.04008816290136104,0.0,8
313.7,16.0,0.0,63063.0,1580642.0,0.04008816290136104,0.0,8
313.8,16.0,0.0,63343.0,1580642.0,0.04026681545277469,0.0,8
313.9,16.0,0.0,63463.0,1580642.0,0.040343380831951964,0.0,8
314.0,16.0,0.0,63463.0,1580642.0,0.040343380831951964,0.0,8
314.1,16.0,0.0,63623.0,1580642.0,0.04044546800418834,0.0,8
314.2,16.0,0.0,63623.0,1580642.0,0.04044546800418834,0.0,8
314.3,16.0,0.0,64414.0,1580642.0,0.04095016146193191,0.0,8
314.4,14.0,0.0,56757.0,1580642.0,0.036064652225595004,0.0,8
314.5,14.0,0.0,56837.0,1580642.0,0.036115695811713186,0.0,8
314.6,14.0,0.0,56917.0,1580642.0,0.03616673939783137,0.0,8
314.7,14.0,0.0,56917.0,1580642.0,0.03616673939783137,0.0,8
314.8,14.0,0.0,57077.0,1580642.0,0.03626882657006775,0.0,8
314.9,12.0,0.0,48343.0,1580642.0,0.030696143055614755,0.0,8
315.0,12.0,0.0,48423.0,1580642.0,0.03074718664173294,0.0,8
315.1,11.0,0.0,44155.0,1580642.0,0.0280240113223277,0.0,8
315.2,11.0,0.0,44155.0,1580642.0,0.0280240113223277,0.0,8
315.3,11.0,0.0,44395.0,1580642.0,0.02817714208068226,0.0,8
315.4,11.0,0.0,44395.0,1580642.0,0.02817714208068226,0.0,8
315.5,11.0,0.0,44475.0,1580642.0,0.028228185666800444,0.0,8
315.6,11.0,0.0,44515.0,1580642.0,0.028253707459859542,0.0,8
315.7,11.0,0.0,44515.0,1580642.0,0.028253707459859542,0.0,8
315.8,11.0,0.0,44595.0,1580642.0,0.028304751045977725,0.0,8
315.9,11.0,0.0,44755.0,1580642.0,0.028406838218214096,0.0,8
316.0,11.0,0.0,44875.0,1580642.0,0.02848340359739138,0.0,8
316.1,10.0,0.0,45458.0,1580642.0,0.028855383731227664,0.0,8
316.2,10.0,0.0,45458.0,1580642.0,0.028855383731227664,0.0,8
316.3,10.0,0.0,45538.0,1580642.0,0.02890642731734585,0.0,8
316.4,11.0,0.0,45706.0,1580642.0,0.029013618848194037,0.0,8
316.5,11.0,0.0,45746.0,1580642.0,0.02903914064125313,0.0,8
316.6,11.0,0.0,45746.0,1580642.0,0.02903914064125313,0.0,8
316.7,11.0,0.0,45746.0,1580642.0,0.02903914064125313,0.0,8
316.8,11.0,0.0,45826.0,1580642.0,0.029090184227371318,0.0,8
316.9,11.0,0.0,45866.0,1580642.0,0.029115706020430412,0.0,8
317.0,11.0,0.0,46066.0,1580642.0,0.02924331498572588,0.0,8
317.1,11.0,0.0,46066.0,1580642.0,0.02924331498572588,0.0,8
317.2,11.0,0.0,46146.0,1580642.0,0.029294358571844065,0.0,8
317.3,11.0,0.0,46146.0,1580642.0,0.029294358571844065,0.0,8
317.4,11.0,0.0,46146.0,1580642.0,0.029294358571844065,0.0,8
317.5,10.0,0.0,42679.0,1580642.0,0.027082257158447164,0.0,8
317.6,10.0,0.0,42679.0,1580642.0,0.027082257158447164,0.0,8
317.7,10.0,0.0,42719.0,1580642.0,0.027107778951506255,0.0,8
317.8,10.0,0.0,42719.0,1580642.0,0.027107778951506255,0.0,8
317.9,10.0,0.0,42719.0,1580642.0,0.027107778951506255,0.0,8
318.0,10.0,0.0,42839.0,1580642.0,0.027184344330683535,0.0,8
318.1,10.0,0.0,42839.0,1580642.0,0.027184344330683535,0.0,8
318.2,10.0,0.0,42879.0,1580642.0,0.027209866123742626,0.0,8
318.3,10.0,0.0,42879.0,1580642.0,0.027209866123742626,0.0,8
318.4,10.0,0.0,42879.0,1580642.0,0.027209866123742626,0.0,8
318.5,10.0,0.0,42999.0,1580642.0,0.027286431502919907,0.0,8
318.6,10.0,0.0,43039.0,1580642.0,0.027311953295979,0.0,8
318.7,10.0,0.0,43039.0,1580642.0,0.027311953295979,0.0,8
318.8,10.0,0.0,43039.0,1580642.0,0.027311953295979,0.0,8
318.9,10.0,0.0,43039.0,1580642.0,0.027311953295979,0.0,8
319.0,10.0,0.0,43159.0,1580642.0,0.027388518675156282,0.0,8
319.1,10.0,0.0,43199.0,1580642.0,0.027414040468215373,0.0,8
319.2,10.0,0.0,43199.0,1580642.0,0.027414040468215373,0.0,8
319.3,10.0,0.0,43199.0,1580642.0,0.027414040468215373,0.0,8
319.4,10.0,0.0,43199.0,1580642.0,0.027414040468215373,0.0,8
319.5,10.0,0.0,43319.0,1580642.0,0.02749060584739265,0.0,8
319.6,10.0,0.0,43359.0,1580642.0,0.02751612764045175,0.0,8
319.7,10.0,0.0,43359.0,1580642.0,0.02751612764045175,0.0,8
319.8,10.0,0.0,43359.0,1580642.0,0.02751612764045175,0.0,8
319.9,10.0,0.0,43359.0,1580642.0,0.02751612764045175,0.0,8
320.0,10.0,0.0,43479.0,1580642.0,0.02759269301962903,0.0,8
320.1,10.0,0.0,43519.0,1580642.0,0.02761821481268812,0.0,8
320.2,10.0,0.0,43519.0,1580642.0,0.02761821481268812,0.0,8
320.3,10.0,0.0,43519.0,1580642.0,0.02761821481268812,0.0,8
320.4,10.0,0.0,43519.0,1580642.0,0.02761821481268812,0.0,8
320.5,10.0,0.0,43679.0,1580642.0,0.027720301984924492,0.0,8
320.6,10.0,0.0,43679.0,1580642.0,0.027720301984924492,0.0,8
320.7,10.0,0.0,43679.0,1580642.0,0.027720301984924492,0.0,8
320.8,10.0,0.0,43679.0,1580642.0,0.027720301984924492,0.0,8
320.9,10.0,0.0,43679.0,1580642.0,0.027720301984924492,0.0,8
321.0,10.0,0.0,43719.0,1580642.0,0.027745823777983583,0.0,8
321.1,10.0,0.0,43839.0,1580642.0,0.027822389157160864,0.0,8
321.2,10.0,0.0,43839.0,1580642.0,0.027822389157160864,0.0,8
321.3,10.0,0.0,43839.0,1580642.0,0.027822389157160864,0.0,8
321.4,10.0,0.0,43839.0,1580642.0,0.027822389157160864,0.0,8
321.5,10.0,0.0,43879.0,1580642.0,0.02784791095021996,0.0,8
321.6,9.0,0.0,40069.0,1580642.0,0.025416960161341335,0.0,8
321.7,9.0,0.0,40069.0,1580642.0,0.025416960161341335,0.0,8
321.8,9.0,0.0,40069.0,1580642.0,0.025416960161341335,0.0,8
321.9,9.0,0.0,40069.0,1580642.0,0.025416960161341335,0.0,8
322.0,9.0,0.0,40109.0,1580642.0,0.02544248195440043,0.0,8
322.1,9.0,0.0,40189.0,1580642.0,0.025493525540518615,0.0,8
322.2,9.0,0.0,40189.0,1580642.0,0.025493525540518615,0.0,8
322.3,9.0,0.0,40189.0,1580642.0,0.025493525540518615,0.0,8
322.4,9.0,0.0,40229.0,1580642.0,0.025519047333577707,0.0,8
322.5,9.0,0.0,40229.0,1580642.0,0.025519047333577707,0.0,8
322.6,9.0,0.0,40229.0,1580642.0,0.025519047333577707,0.0,8
322.7,9.0,0.0,40229.0,1580642.0,0.025519047333577707,0.0,8
322.8,9.0,0.0,40229.0,1580642.0,0.025519047333577707,0.0,8
322.9,9.0,0.0,40269.0,1580642.0,0.0255445691266368,0.0,8
323.0,9.0,0.0,40269.0,1580642.0,0.0255445691266368,0.0,8
323.1,9.0,0.0,40269.0,1580642.0,0.0255445691266368,0.0,8
323.2,9.0,0.0,40269.0,1580642.0,0.0255445691266368,0.0,8
323.3,9.0,0.0,40269.0,1580642.0,0.0255445691266368,0.0,8
323.4,9.0,0.0,40309.0,1580642.0,0.025570090919695893,0.0,8
323.5,9.0,0.0,40309.0,1580642.0,0.025570090919695893,0.0,8
323.6,9.0,0.0,40309.0,1580642.0,0.025570090919695893,0.0,8
323.7,9.0,0.0,40309.0,1580642.0,0.025570090919695893,0.0,8
323.8,9.0,0.0,40309.0,1580642.0,0.025570090919695893,0.0,8
323.9,9.0,0.0,40349.0,1580642.0,0.025595612712754987,0.0,8
324.0,9.0,0.0,40349.0,1580642.0,0.025595612712754987,0.0,8
324.1,9.0,0.0,40349.0,1580642.0,0.025595612712754987,0.0,8
324.2,9.0,0.0,40349.0,1580642.0,0.025595612712754987,0.0,8
324.3,9.0,0.0,40349.0,1580642.0,0.025595612712754987,0.0,8
324.4,9.0,0.0,40389.0,1580642.0,0.02562113450581408,0.0,8
324.5,9.0,0.0,40389.0,1580642.0,0.02562113450581408,0.0,8
324.6,9.0,0.0,40389.0,1580642.0,0.02562113450581408,0.0,8
324.7,9.0,0.0,40389.0,1580642.0,0.02562113450581408,0.0,8
324.8,9.0,0.0,40429.0,1580642.0,0.025646656298873173,0.0,8
324.9,9.0,0.0,40429.0,1580642.0,0.025646656298873173,0.0,8
325.0,9.0,0.0,40429.0,1580642.0,0.025646656298873173,0.0,8
325.1,9.0,0.0,40429.0,1580642.0,0.025646656298873173,0.0,8
325.2,9.0,0.0,40429.0,1580642.0,0.025646656298873173,0.0,8
325.3,9.0,0.0,40469.0,1580642.0,0.025672178091932268,0.0,8
325.4,9.0,0.0,40469.0,1580642.0,0.025672178091932268,0.0,8
325.5,9.0,0.0,40469.0,1580642.0,0.025672178091932268,0.0,8
325.6,9.0,0.0,40469.0,1580642.0,0.025672178091932268,0.0,8
325.7,9.0,0.0,40469.0,1580642.0,0.025672178091932268,0.0,8
325.8,9.0,0.0,40509.0,1580642.0,0.02569769988499136,0.0,8
325.9,9.0,0.0,40509.0,1580642.0,0.02569769988499136,0.0,8
326.0,9.0,0.0,40509.0,1580642.0,0.02569769988499136,0.0,8
326.1,9.0,0.0,40509.0,1580642.0,0.02569769988499136,0.0,8
326.2,9.0,0.0,40509.0,1580642.0,0.02569769988499136,0.0,8
326.3,9.0,0.0,40549.0,1580642.0,0.025723221678050454,0.0,8
326.4,9.0,0.0,40549.0,1580642.0,0.025723221678050454,0.0,8
326.5,9.0,0.0,40549.0,1580642.0,0.025723221678050454,0.0,8
326.6,9.0,0.0,40549.0,1580642.0,0.025723221678050454,0.0,8
326.7,9.0,0.0,40589.0,1580642.0,0.025748743471109545,0.0,8
326.8,9.0,0.0,40589.0,1580642.0,0.025748743471109545,0.0,8
326.9,9.0,0.0,40589.0,1580642.0,0.025748743471109545,0.0,8
327.0,9.0,0.0,40589.0,1580642.0,0.025748743471109545,0.0,8
327.1,9.0,0.0,40589.0,1580642.0,0.025748743471109545,0.0,8
327.2,9.0,0.0,40629.0,1580642.0,0.02577426526416864,0.0,8
327.3,9.0,0.0,40629.0,1580642.0,0.02577426526416864,0.0,8
327.4,9.0,0.0,40629.0,1580642.0,0.02577426526416864,0.0,8
327.5,9.0,0.0,40629.0,1580642.0,0.02577426526416864,0.0,8
327.6,9.0,0.0,40629.0,1580642.0,0.02577426526416864,0.0,8
327.7,9.0,0.0,40669.0,1580642.0,0.02579978705722773,0.0,8
327.8,9.0,0.0,40669.0,1580642.0,0.02579978705722773,0.0,8
327.9,9.0,0.0,40669.0,1580642.0,0.02579978705722773,0.0,8
328.0,9.0,0.0,40669.0,1580642.0,0.02579978705722773,0.0,8
328.1,9.0,0.0,40669.0,1580642.0,0.02579978705722773,0.0,8
328.2,9.0,0.0,40709.0,1580642.0,0.025825308850286825,0.0,8
328.3,9.0,0.0,40709.0,1580642.0,0.025825308850286825,0.0,8
328.4,9.0,0.0,40709.0,1580642.0,0.025825308850286825,0.0,8
328.5,9.0,0.0,40709.0,1580642.0,0.025825308850286825,0.0,8
328.6,9.0,0.0,40749.0,1580642.0,0.02585083064334592,0.0,8
328.7,9.0,0.0,40749.0,1580642.0,0.02585083064334592,0.0,8
328.8,9.0,0.0,40749.0,1580642.0,0.02585083064334592,0.0,8
328.9,9.0,0.0,40749.0,1580642.0,0.02585083064334592,0.0,8
329.0,9.0,0.0,40749.0,1580642.0,0.02585083064334592,0.0,8
329.1,9.0,0.0,40789.0,1580642.0,0.02587635243640501,0.0,8
329.2,9.0,0.0,40789.0,1580642.0,0.02587635243640501,0.0,8
329.3,9.0,0.0,40789.0,1580642.0,0.02587635243640501,0.0,8
329.4,9.0,0.0,40789.0,1580642.0,0.02587635243640501,0.0,8
329.5,9.0,0.0,40789.0,1580642.0,0.02587635243640501,0.0,8
329.6,9.0,0.0,40829.0,1580642.0,0.025901874229464106,0.0,8
329.7,9.0,0.0,40829.0,1580642.0,0.025901874229464106,0.0,8
329.8,9.0,0.0,40829.0,1580642.0,0.025901874229464106,0.0,8
329.9,9.0,0.0,40829.0,1580642.0,0.025901874229464106,0.0,8
330.0,9.0,0.0,40829.0,1580642.0,0.025901874229464106,0.0,8
330.1,9.0,0.0,40869.0,1580642.0,0.025927396022523197,0.0,8
330.2,9.0,0.0,40869.0,1580642.0,0.025927396022523197,0.0,8
330.3,9.0,0.0,40869.0,1580642.0,0.025927396022523197,0.0,8
330.4,9.0,0.0,40869.0,1580642.0,0.025927396022523197,0.0,8
330.5,9.0,0.0,40909.0,1580642.0,0.02595291781558229,0.0,8
330.6,9.0,0.0,40909.0,1580642.0,0.02595291781558229,0.0,8
330.7,9.0,0.0,40909.0,1580642.0,0.02595291781558229,0.0,8
330.8,9.0,0.0,40909.0,1580642.0,0.02595291781558229,0.0,8
330.9,9.0,0.0,40909.0,1580642.0,0.02595291781558229,0.0,8
331.0,9.0,0.0,40949.0,1580642.0,0.025978439608641383,0.0,8
331.1,9.0,0.0,40949.0,1580642.0,0.025978439608641383,0.0,8
331.2,9.0,0.0,40949.0,1580642.0,0.025978439608641383,0.0,8
331.3,9.0,0.0,40949.0,1580642.0,0.025978439608641383,0.0,8
331.4,9.0,0.0,40949.0,1580642.0,0.025978439608641383,0.0,8
331.5,9.0,0.0,40989.0,1580642.0,0.026003961401700477,0.0,8
331.6,9.0,0.0,40989.0,1580642.0,0.026003961401700477,0.0,8
331.7,9.0,0.0,40989.0,1580642.0,0.026003961401700477,0.0,8
331.8,9.0,0.0,40989.0,1580642.0,0.026003961401700477,0.0,8
331.9,9.0,0.0,40989.0,1580642.0,0.026003961401700477,0.0,8
332.0,9.0,0.0,41029.0,1580642.0,0.02602948319475957,0.0,8
332.1,9.0,0.0,41029.0,1580642.0,0.02602948319475957,0.0,8
332.2,9.0,0.0,41029.0,1580642.0,0.02602948319475957,0.0,8
332.3,9.0,0.0,41029.0,1580642.0,0.02602948319475957,0.0,8
332.4,9.0,0.0,41029.0,1580642.0,0.02602948319475957,0.0,8
332.5,9.0,0.0,41069.0,1580642.0,0.026055004987818663,0.0,8
332.6,9.0,0.0,41069.0,1580642.0,0.026055004987818663,0.0,8
332.7,9.0,0.0,41069.0,1580642.0,0.026055004987818663,0.0,8
332.8,9.0,0.0,41069.0,1580642.0,0.026055004987818663,0.0,8
332.9,9.0,0.0,41109.0,1580642.0,0.026080526780877758,0.0,8
333.0,9.0,0.0,41109.0,1580642.0,0.026080526780877758,0.0,8
333.1,9.0,0.0,41109.0,1580642.0,0.026080526780877758,0.0,8
333.2,9.0,0.0,41109.0,1580642.0,0.026080526780877758,0.0,8
333.3,9.0,0.0,41109.0,1580642.0,0.026080526780877758,0.0,8
333.4,9.0,0.0,41149.0,1580642.0,0.02610604857393685,0.0,8
333.5,9.0,0.0,41149.0,1580642.0,0.02610604857393685,0.0,8
333.6,9.0,0.0,41149.0,1580642.0,0.02610604857393685,0.0,8
333.7,9.0,0.0,41149.0,1580642.0,0.02610604857393685,0.0,8
333.8,9.0,0.0,41149.0,1580642.0,0.02610604857393685,0.0,8
333.9,9.0,0.0,41189.0,1580642.0,0.026131570366995944,0.0,8
334.0,9.0,0.0,41189.0,1580642.0,0.026131570366995944,0.0,8
334.1,9.0,0.0,41189.0,1580642.0,0.026131570366995944,0.0,8
334.2,9.0,0.0,41189.0,1580642.0,0.026131570366995944,0.0,8
334.3,9.0,0.0,41189.0,1580642.0,0.026131570366995944,0.0,8
334.4,9.0,0.0,41229.0,1580642.0,0.026157092160055035,0.0,8
334.5,9.0,0.0,41229.0,1580642.0,0.026157092160055035,0.0,8
334.6,9.0,0.0,41229.0,1580642.0,0.026157092160055035,0.0,8
334.7,9.0,0.0,41229.0,1580642.0,0.026157092160055035,0.0,8
334.8,9.0,0.0,41229.0,1580642.0,0.026157092160055035,0.0,8
334.9,9.0,0.0,41269.0,1580642.0,0.02618261395311413,0.0,8
335.0,9.0,0.0,41269.0,1580642.0,0.02618261395311413,0.0,8
335.1,9.0,0.0,41269.0,1580642.0,0.02618261395311413,0.0,8
335.2,9.0,0.0,41269.0,1580642.0,0.02618261395311413,0.0,8
335.3,9.0,0.0,41309.0,1580642.0,0.02620813574617322,0.0,8
335.4,9.0,0.0,41309.0,1580642.0,0.02620813574617322,0.0,8
335.5,9.0,0.0,41309.0,1580642.0,0.02620813574617322,0.0,8
335.6,9.0,0.0,41309.0,1580642.0,0.02620813574617322,0.0,8
335.7,9.0,0.0,41309.0,1580642.0,0.02620813574617322,0.0,8
335.8,9.0,0.0,41349.0,1580642.0,0.026233657539232316,0.0,8
335.9,9.0,0.0,41349.0,1580642.0,0.026233657539232316,0.0,8
336.0,9.0,0.0,41349.0,1580642.0,0.026233657539232316,0.0,8
336.1,9.0,0.0,41349.0,1580642.0,0.026233657539232316,0.0,8
336.2,9.0,0.0,41349.0,1580642.0,0.026233657539232316,0.0,8
336.3,9.0,0.0,41389.0,1580642.0,0.02625917933229141,0.0,8
336.4,9.0,0.0,41389.0,1580642.0,0.02625917933229141,0.0,8
336.5,9.0,0.0,41389.0,1580642.0,0.02625917933229141,0.0,8
336.6,9.0,0.0,41389.0,1580642.0,0.02625917933229141,0.0,8
336.7,9.0,0.0,41389.0,1580642.0,0.02625917933229141,0.0,8
336.8,9.0,0.0,41429.0,1580642.0,0.0262847011253505,0.0,8
336.9,9.0,0.0,41429.0,1580642.0,0.0262847011253505,0.0,8
337.0,9.0,0.0,41429.0,1580642.0,0.0262847011253505,0.0,8
337.1,9.0,0.0,41429.0,1580642.0,0.0262847011253505,0.0,8
337.2,9.0,0.0,41429.0,1580642.0,0.0262847011253505,0.0,8
337.3,9.0,0.0,41469.0,1580642.0,0.026310222918409596,0.0,8
337.4,9.0,0.0,41469.0,1580642.0,0.026310222918409596,0.0,8
337.5,9.0,0.0,41469.0,1580642.0,0.026310222918409596,0.0,8
337.6,9.0,0.0,41469.0,1580642.0,0.026310222918409596,0.0,8
337.7,9.0,0.0,41469.0,1580642.0,0.026310222918409596,0.0,8
337.8,9.0,0.0,41509.0,1580642.0,0.026335744711468687,0.0,8
337.9,9.0,0.0,41509.0,1580642.0,0.026335744711468687,0.0,8
338.0,9.0,0.0,41509.0,1580642.0,0.026335744711468687,0.0,8
338.1,9.0,0.0,41509.0,1580642.0,0.026335744711468687,0.0,8
338.2,9.0,0.0,41549.0,1580642.0,0.026361266504527782,0.0,8
338.3,9.0,0.0,41549.0,1580642.0,0.026361266504527782,0.0,8
338.4,9.0,0.0,41549.0,1580642.0,0.026361266504527782,0.0,8
338.5,9.0,0.0,41549.0,1580642.0,0.026361266504527782,0.0,8
338.6,9.0,0.0,41549.0,1580642.0,0.026361266504527782,0.0,8
338.7,9.0,0.0,41589.0,1580642.0,0.026386788297586873,0.0,8
338.8,9.0,0.0,41589.0,1580642.0,0.026386788297586873,0.0,8
338.9,9.0,0.0,41589.0,1580642.0,0.026386788297586873,0.0,8
339.0,9.0,0.0,41589.0,1580642.0,0.026386788297586873,0.0,8
339.1,9.0,0.0,41589.0,1580642.0,0.026386788297586873,0.0,8
339.2,9.0,0.0,41629.0,1580642.0,0.026412310090645968,0.0,8
339.3,9.0,0.0,41629.0,1580642.0,0.026412310090645968,0.0,8
339.4,9.0,0.0,41629.0,1580642.0,0.026412310090645968,0.0,8
339.5,9.0,0.0,41629.0,1580642.0,0.026412310090645968,0.0,8
339.6,9.0,0.0,41629.0,1580642.0,0.026412310090645968,0.0,8
339.7,9.0,0.0,41669.0,1580642.0,0.026437831883705062,0.0,8
339.8,9.0,0.0,41669.0,1580642.0,0.026437831883705062,0.0,8
339.9,9.0,0.0,41669.0,1580642.0,0.026437831883705062,0.0,8
340.0,9.0,0.0,41669.0,1580642.0,0.026437831883705062,0.0,8
340.1,9.0,0.0,41669.0,1580642.0,0.026437831883705062,0.0,8
340.2,9.0,0.0,41709.0,1580642.0,0.026463353676764154,0.0,8
340.3,9.0,0.0,41709.0,1580642.0,0.026463353676764154,0.0,8
340.4,8.0,0.0,37919.0,1580642.0,0.02404516378441508,0.0,8
340.5,8.0,0.0,37919.0,1580642.0,0.02404516378441508,0.0,8
340.6,8.0,0.0,37919.0,1580642.0,0.02404516378441508,0.0,8
340.7,8.0,0.0,37959.0,1580642.0,0.02407068557747417,0.0,8
340.8,8.0,0.0,37959.0,1580642.0,0.02407068557747417,0.0,8
340.9,8.0,0.0,37959.0,1580642.0,0.02407068557747417,0.0,8
341.0,8.0,0.0,37959.0,1580642.0,0.02407068557747417,0.0,8
341.1,8.0,0.0,37999.0,1580642.0,0.024096207370533265,0.0,8
341.2,8.0,0.0,37999.0,1580642.0,0.024096207370533265,0.0,8
341.3,8.0,0.0,37999.0,1580642.0,0.024096207370533265,0.0,8
341.4,8.0,0.0,37999.0,1580642.0,0.024096207370533265,0.0,8
341.5,8.0,0.0,37999.0,1580642.0,0.024096207370533265,0.0,8
341.6,8.0,0.0,38039.0,1580642.0,0.024121729163592356,0.0,8
341.7,8.0,0.0,38039.0,1580642.0,0.024121729163592356,0.0,8
341.8,8.0,0.0,38039.0,1580642.0,0.024121729163592356,0.0,8
341.9,7.0,0.0,34383.0,1580642.0,0.021937895268770005,0.0,8
342.0,7.0,0.0,34383.0,1580642.0,0.021937895268770005,0.0,8
342.1,7.0,0.0,34423.0,1580642.0,0.021963417061829096,0.0,8
342.2,7.0,0.0,34423.0,1580642.0,0.021963417061829096,0.0,8
342.3,7.0,0.0,34423.0,1580642.0,0.021963417061829096,0.0,8
342.4,7.0,0.0,34423.0,1580642.0,0.021963417061829096,0.0,8
342.5,7.0,0.0,34423.0,1580642.0,0.021963417061829096,0.0,8
342.6,7.0,0.0,34463.0,1580642.0,0.02198893885488819,0.0,8
342.7,7.0,0.0,34463.0,1580642.0,0.02198893885488819,0.0,8
342.8,7.0,0.0,34463.0,1580642.0,0.02198893885488819,0.0,8
342.9,7.0,0.0,34463.0,1580642.0,0.02198893885488819,0.0,8
343.0,7.0,0.0,34463.0,1580642.0,0.02198893885488819,0.0,8
343.1,7.0,0.0,34503.0,1580642.0,0.022014460647947282,0.0,8
343.2,7.0,0.0,34503.0,1580642.0,0.022014460647947282,0.0,8
343.3,7.0,0.0,34503.0,1580642.0,0.022014460647947282,0.0,8
343.4,7.0,0.0,34503.0,1580642.0,0.022014460647947282,0.0,8
343.5,7.0,0.0,34503.0,1580642.0,0.022014460647947282,0.0,8
343.6,7.0,0.0,34543.0,1580642.0,0.022039982441006377,0.0,8
343.7,7.0,0.0,34543.0,1580642.0,0.022039982441006377,0.0,8
343.8,7.0,0.0,34543.0,1580642.0,0.022039982441006377,0.0,8
343.9,7.0,0.0,34543.0,1580642.0,0.022039982441006377,0.0,8
344.0,7.0,0.0,34583.0,1580642.0,0.022065504234065468,0.0,8
344.1,7.0,0.0,34583.0,1580642.0,0.022065504234065468,0.0,8
344.2,7.0,0.0,34583.0,1580642.0,0.022065504234065468,0.0,8
344.3,7.0,0.0,34583.0,1580642.0,0.022065504234065468,0.0,8
344.4,7.0,0.0,34583.0,1580642.0,0.022065504234065468,0.0,8
344.5,7.0,0.0,34623.0,1580642.0,0.022091026027124563,0.0,8
344.6,7.0,0.0,34623.0,1580642.0,0.022091026027124563,0.0,8
344.7,7.0,0.0,34623.0,1580642.0,0.022091026027124563,0.0,8
344.8,7.0,0.0,34623.0,1580642.0,0.022091026027124563,0.0,8
344.9,7.0,0.0,34623.0,1580642.0,0.022091026027124563,0.0,8
345.0,7.0,0.0,34663.0,1580642.0,0.022116547820183657,0.0,8
345.1,7.0,0.0,34663.0,1580642.0,0.022116547820183657,0.0,8
345.2,7.0,0.0,34663.0,1580642.0,0.022116547820183657,0.0,8
345.3,7.0,0.0,34663.0,1580642.0,0.022116547820183657,0.0,8
345.4,7.0,0.0,34663.0,1580642.0,0.022116547820183657,0.0,8
345.5,7.0,0.0,34703.0,1580642.0,0.02214206961324275,0.0,8
345.6,7.0,0.0,34703.0,1580642.0,0.02214206961324275,0.0,8
345.7,7.0,0.0,34703.0,1580642.0,0.02214206961324275,0.0,8
345.8,7.0,0.0,34703.0,1580642.0,0.02214206961324275,0.0,8
345.9,7.0,0.0,34703.0,1580642.0,0.02214206961324275,0.0,8
346.0,7.0,0.0,34743.0,1580642.0,0.022167591406301843,0.0,8
346.1,7.0,0.0,34743.0,1580642.0,0.022167591406301843,0.0,8
346.2,7.0,0.0,34743.0,1580642.0,0.022167591406301843,0.0,8
346.3,7.0,0.0,34743.0,1580642.0,0.022167591406301843,0.0,8
346.4,6.0,0.0,30135.0,1580642.0,0.01922748084589431,0.0,8
346.5,6.0,0.0,30175.0,1580642.0,0.019253002638953402,0.0,8
346.6,6.0,0.0,30175.0,1580642.0,0.019253002638953402,0.0,8
346.7,6.0,0.0,30175.0,1580642.0,0.019253002638953402,0.0,8
346.8,6.0,0.0,30175.0,1580642.0,0.019253002638953402,0.0,8
346.9,5.0,0.0,25099.0,1580642.0,0.01601428709975448,0.0,8
347.0,5.0,0.0,25099.0,1580642.0,0.01601428709975448,0.0,8
347.1,5.0,0.0,25099.0,1580642.0,0.01601428709975448,0.0,8
347.2,4.0,0.0,20779.0,1580642.0,0.013257933449372419,0.0,8
347.3,4.0,0.0,20779.0,1580642.0,0.013257933449372419,0.0,8
347.4,4.0,0.0,20819.0,1580642.0,0.013283455242431512,0.0,8
347.5,3.0,0.0,15724.0,1580642.0,0.010032616851529522,0.0,8
347.6,3.0,0.0,15724.0,1580642.0,0.010032616851529522,0.0,8
347.7,3.0,0.0,15724.0,1580642.0,0.010032616851529522,0.0,8
347.8,3.0,0.0,15724.0,1580642.0,0.010032616851529522,0.0,8
347.9,3.0,0.0,15764.0,1580642.0,0.010058138644588613,0.0,8
348.0,3.0,0.0,15764.0,1580642.0,0.010058138644588613,0.0,8
348.1,3.0,0.0,15764.0,1580642.0,0.010058138644588613,0.0,8
348.2,3.0,0.0,15764.0,1580642.0,0.010058138644588613,0.0,8
348.3,3.0,0.0,15764.0,1580642.0,0.010058138644588613,0.0,8
348.4,3.0,0.0,15804.0,1580642.0,0.010083660437647708,0.0,8
348.5,3.0,0.0,15804.0,1580642.0,0.010083660437647708,0.0,8
348.6,3.0,0.0,15804.0,1580642.0,0.010083660437647708,0.0,8
348.7,3.0,0.0,15804.0,1580642.0,0.010083660437647708,0.0,8
348.8,3.0,0.0,15804.0,1580642.0,0.010083660437647708,0.0,8
348.9,3.0,0.0,15844.0,1580642.0,0.0101091822307068,0.0,8
349.0,3.0,0.0,15844.0,1580642.0,0.0101091822307068,0.0,8
349.1,3.0,0.0,15844.0,1580642.0,0.0101091822307068,0.0,8
349.2,3.0,0.0,15844.0,1580642.0,0.0101091822307068,0.0,8
349.3,3.0,0.0,15844.0,1580642.0,0.0101091822307068,0.0,8
349.4,3.0,0.0,15844.0,1580642.0,0.0101091822307068,0.0,8
349.5,3.0,0.0,15844.0,1580642.0,0.0101091822307068,0.0,8
349.6,3.0,0.0,15844.0,1580642.0,0.0101091822307068,0.0,8
349.7,3.0,0.0,15844.0,1580642.0,0.0101091822307068,0.0,8
349.8,3.0,0.0,15844.0,1580642.0,0.0101091822307068,0.0,8
349.9,3.0,0.0,15844.0,1580642.0,0.0101091822307068,0.0,8
350.0,3.0,0.0,15844.0,1580642.0,0.0101091822307068,0.0,8
350.1,3.0,0.0,15844.0,1580642.0,0.0101091822307068,0.0,8
350.2,3.0,0.0,15844.0,1580642.0,0.0101091822307068,0.0,8
350.3,3.0,0.0,15844.0,1580642.0,0.0101091822307068,0.0,8
350.4,3.0,0.0,15844.0,1580642.0,0.0101091822307068,0.0,8
350.5,3.0,0.0,15844.0,1580642.0,0.0101091822307068,0.0,8
350.6,3.0,0.0,15844.0,1580642.0,0.0101091822307068,0.0,8
350.7,3.0,0.0,15844.0,1580642.0,0.0101091822307068,0.0,8
350.8,3.0,0.0,15844.0,1580642.0,0.0101091822307068,0.0,8
350.9,3.0,0.0,15844.0,1580642.0,0.0101091822307068,0.0,8
351.0,3.0,0.0,15844.0,1580642.0,0.0101091822307068,0.0,8
351.1,3.0,0.0,15844.0,1580642.0,0.0101091822307068,0.0,8
351.2,3.0,0.0,15844.0,1580642.0,0.0101091822307068,0.0,8
351.3,3.0,0.0,15844.0,1580642.0,0.0101091822307068,0.0,8
351.4,3.0,0.0,15844.0,1580642.0,0.0101091822307068,0.0,8
351.5,3.0,0.0,15844.0,1580642.0,0.0101091822307068,0.0,8
351.6,3.0,0.0,15844.0,1580642.0,0.0101091822307068,0.0,8
351.7,3.0,0.0,15844.0,1580642.0,0.0101091822307068,0.0,8
351.8,3.0,0.0,15844.0,1580642.0,0.0101091822307068,0.0,8
351.9,3.0,0.0,15844.0,1580642.0,0.0101091822307068,0.0,8
352.0,3.0,0.0,15844.0,1580642.0,0.0101091822307068,0.0,8
352.1,1.0,0.0,6773.0,1580642.0,0.0043214776097309495,0.0,8
352.2,1.0,0.0,6773.0,1580642.0,0.0043214776097309495,0.0,8
352.3,1.0,0.0,6773.0,1580642.0,0.0043214776097309495,0.0,8
352.4,1.0,0.0,6773.0,1580642.0,0.0043214776097309495,0.0,8
352.5,1.0,0.0,6773.0,1580642.0,0.0043214776097309495,0.0,8
352.6,1.0,0.0,6773.0,1580642.0,0.0043214776097309495,0.0,8
352.7,1.0,0.0,6773.0,1580642.0,0.0043214776097309495,0.0,8
352.8,1.0,0.0,6773.0,1580642.0,0.0043214776097309495,0.0,8
352.9,1.0,0.0,6773.0,1580642.0,0.0043214776097309495,0.0,8
353.0,1.0,0.0,6773.0,1580642.0,0.0043214776097309495,0.0,8
353.1,1.0,0.0,6773.0,1580642.0,0.0043214776097309495,0.0,8
353.2,1.0,0.0,6773.0,1580642.0,0.0043214776097309495,0.0,8
353.3,1.0,0.0,6773.0,1580642.0,0.0043214776097309495,0.0,8
353.4,1.0,0.0,6773.0,1580642.0,0.0043214776097309495,0.0,8
353.5,1.0,0.0,6773.0,1580642.0,0.0043214776097309495,0.0,8
353.6,1.0,0.0,6773.0,1580642.0,0.0043214776097309495,0.0,8
353.7,1.0,0.0,6773.0,1580642.0,0.0043214776097309495,0.0,8
353.8,1.0,0.0,6773.0,1580642.0,0.0043214776097309495,0.0,8
353.9,1.0,0.0,6773.0,1580642.0,0.0043214776097309495,0.0,8
354.0,1.0,0.0,6773.0,1580642.0,0.0043214776097309495,0.0,8
354.1,1.0,0.0,6773.0,1580642.0,0.0043214776097309495,0.0,8
354.2,1.0,0.0,6773.0,1580642.0,0.0043214776097309495,0.0,8
354.3,1.0,0.0,6773.0,1580642.0,0.0043214776097309495,0.0,8
354.4,1.0,0.0,6773.0,1580642.0,0.0043214776097309495,0.0,8
354.5,1.0,0.0,6773.0,1580642.0,0.0043214776097309495,0.0,8
354.6,1.0,0.0,6773.0,1580642.0,0.0043214776097309495,0.0,8
354.7,1.0,0.0,6773.0,1580642.0,0.0043214776097309495,0.0,8
354.8,1.0,0.0,6773.0,1580642.0,0.0043214776097309495,0.0,8
354.9,1.0,0.0,6773.0,1580642.0,0.0043214776097309495,0.0,8
355.0,1.0,0.0,6773.0,1580642.0,0.0043214776097309495,0.0,8
355.1,1.0,0.0,6773.0,1580642.0,0.0043214776097309495,0.0,8
355.2,1.0,0.0,6773.0,1580642.0,0.0043214776097309495,0.0,8
355.3,1.0,0.0,6773.0,1580642.0,0.0043214776097309495,0.0,8
355.4,1.0,0.0,6773.0,1580642.0,0.0043214776097309495,0.0,8
355.5,1.0,0.0,6773.0,1580642.0,0.0043214776097309495,0.0,8
355.6,1.0,0.0,6773.0,1580642.0,0.0043214776097309495,0.0,8
355.7,1.0,0.0,6773.0,1580642.0,0.0043214776097309495,0.0,8
355.8,1.0,0.0,6773.0,1580642.0,0.0043214776097309495,0.0,8
355.9,1.0,0.0,6773.0,1580642.0,0.0043214776097309495,0.0,8
356.0,1.0,0.0,6773.0,1580642.0,0.0043214776097309495,0.0,8
356.1,1.0,0.0,6773.0,1580642.0,0.0043214776097309495,0.0,8
356.2,1.0,0.0,6773.0,1580642.0,0.0043214776097309495,0.0,8
356.3,1.0,0.0,6773.0,1580642.0,0.0043214776097309495,0.0,8
356.4,1.0,0.0,6773.0,1580642.0,0.0043214776097309495,0.0,8
356.5,1.0,0.0,6773.0,1580642.0,0.0043214776097309495,0.0,8
356.6,1.0,0.0,6773.0,1580642.0,0.0043214776097309495,0.0,8
356.7,1.0,0.0,6773.0,1580642.0,0.0043214776097309495,0.0,8
356.8,1.0,0.0,6773.0,1580642.0,0.0043214776097309495,0.0,8
356.9,1.0,0.0,6773.0,1580642.0,0.0043214776097309495,0.0,8
357.0,1.0,0.0,6773.0,1580642.0,0.0043214776097309495,0.0,8
357.1,1.0,0.0,6773.0,1580642.0,0.0043214776097309495,0.0,8
357.2,1.0,0.0,6773.0,1580642.0,0.0043214776097309495,0.0,8
357.3,1.0,0.0,6773.0,1580642.0,0.0043214776097309495,0.0,8
357.4,1.0,0.0,6773.0,1580642.0,0.0043214776097309495,0.0,8
357.5,1.0,0.0,6773.0,1580642.0,0.0043214776097309495,0.0,8
357.6,1.0,0.0,6773.0,1580642.0,0.0043214776097309495,0.0,8
357.7,1.0,0.0,6773.0,1580642.0,0.0043214776097309495,0.0,8
357.8,1.0,0.0,6773.0,1580642.0,0.0043214776097309495,0.0,8
357.9,1.0,0.0,6773.0,1580642.0,0.0043214776097309495,0.0,8
358.0,1.0,0.0,6773.0,1580642.0,0.0043214776097309495,0.0,8
358.1,1.0,0.0,6773.0,1580642.0,0.0043214776097309495,0.0,8
358.2,1.0,0.0,6773.0,1580642.0,0.0043214776097309495,0.0,8
358.3,1.0,0.0,6773.0,1580642.0,0.0043214776097309495,0.0,8
358.4,1.0,0.0,6773.0,1580642.0,0.0043214776097309495,0.0,8
358.5,1.0,0.0,6773.0,1580642.0,0.0043214776097309495,0.0,8
358.6,1.0,0.0,6773.0,1580642.0,0.0043214776097309495,0.0,8
358.7,1.0,0.0,6773.0,1580642.0,0.0043214776097309495,0.0,8
358.8,1.0,0.0,6773.0,1580642.0,0.0043214776097309495,0.0,8
358.9,1.0,0.0,6773.0,1580642.0,0.0043214776097309495,0.0,8
359.0,1.0,0.0,6773.0,1580642.0,0.0043214776097309495,0.0,8
359.1,1.0,0.0,6773.0,1580642.0,0.0043214776097309495,0.0,8
359.2,1.0,0.0,6773.0,1580642.0,0.0043214776097309495,0.0,8
359.3,1.0,0.0,6773.0,1580642.0,0.0043214776097309495,0.0,8
359.4,1.0,0.0,6773.0,1580642.0,0.0043214776097309495,0.0,8
359.5,1.0,0.0,6773.0,1580642.0,0.0043214776097309495,0.0,8
359.6,1.0,0.0,6773.0,1580642.0,0.0043214776097309495,0.0,8
359.7,1.0,0.0,6773.0,1580642.0,0.0043214776097309495,0.0,8
359.8,1.0,0.0,6773.0,1580642.0,0.0043214776097309495,0.0,8
359.9,1.0,0.0,6773.0,1188820.0,0.005761970146307933,0.0,6
